NaVi,Boombl4,https://prosettings.net/counterstrike/boombl4/
NaVi,electronic,https://prosettings.net/counterstrike/electronic/
NaVi,s1mple,https://prosettings.net/counterstrike/s1mple/
NaVi,flamie,https://prosettings.net/counterstrike/flamie/
NaVi,Perfecto,https://prosettings.net/counterstrike/perfecto/
NaVi (B),GuardiaN,https://prosettings.net/counterstrike/guardian/
NaVi Jr,m0NESY,https://prosettings.net/counterstrike/m0nesy/
Astralis,Magisk,https://prosettings.net/counterstrike/magisk/
Astralis,device,https://prosettings.net/counterstrike/dev1ce/
Astralis,dupreeh,https://prosettings.net/counterstrike/dupreeh/
Astralis,JUGi,https://prosettings.net/counterstrike/jugi/
Astralis,Snappi,https://prosettings.net/counterstrike/snappi/
Astralis (B),Xyp9x,https://prosettings.net/counterstrike/xyp9x/
Astralis (B),gla1ve,https://prosettings.net/counterstrike/gla1ve/
Astralis (B),es3tag,https://prosettings.net/counterstrike/es3tag/
G2,kennyS,https://prosettings.net/counterstrike/kennys/
G2,JACKZ,https://prosettings.net/counterstrike/jackz/
G2,huNter,https://prosettings.net/counterstrike/hunter/
G2,nexa,https://prosettings.net/counterstrike/nexa/
G2,AmaNEk,https://prosettings.net/counterstrike/amanek/
Mouz,Frozen,https://prosettings.net/counterstrike/frozen/
Mouz,karrigan,https://prosettings.net/counterstrike/karrigan/
Mouz,chrisJ,https://prosettings.net/counterstrike/chrisj/
Mouz,ropz,https://prosettings.net/counterstrike/ropz/
Mouz,woxic,https://prosettings.net/counterstrike/woxic/
Fnatic,JW,https://prosettings.net/counterstrike/jw/
Fnatic,flusha,https://prosettings.net/counterstrike/flusha/
Fnatic,KRiMZ,https://prosettings.net/counterstrike/krimz/
Fnatic,Golden,https://prosettings.net/counterstrike/golden/
Fnatic,Brollan,https://prosettings.net/counterstrike/brollan/
Liquid,Stewie2k,https://prosettings.net/counterstrike/stewie2k/
Liquid,EliGE,https://prosettings.net/counterstrike/elige/
Liquid,nitr0,https://prosettings.net/counterstrike/nitr0/
Liquid,NAF,https://prosettings.net/counterstrike/naf/
Liquid,Twistzz,https://prosettings.net/counterstrike/twistzz/
EG,tarik,https://prosettings.net/counterstrike/tarik/
EG,stanislaw,https://prosettings.net/counterstrike/stanislaw/
EG,Brehze,https://prosettings.net/counterstrike/brehze/
EG,Ethan,https://prosettings.net/counterstrike/nahte/
EG,CeRq,https://prosettings.net/counterstrike/cerq/
FaZe Clan (B),olofmeister,https://prosettings.net/counterstrike/olofmeister/
FaZe Clan,rain,https://prosettings.net/counterstrike/rain/
FaZe Clan,coldzera,https://prosettings.net/counterstrike/coldzera/
FaZe Clan,NiKo,https://prosettings.net/counterstrike/niko/
FaZe Clan,broky,https://prosettings.net/counterstrike/broky/
FaZe Clan,Bymas,https://prosettings.net/counterstrike/bymas/
100T,Liazz,https://prosettings.net/counterstrike/liazz/
100T,Gratisfaction,https://prosettings.net/counterstrike/gratisfaction/
100T,AZR,https://prosettings.net/counterstrike/azr/
100T,jks,https://prosettings.net/counterstrike/jks/
100T,jkaem,https://prosettings.net/counterstrike/jkaem/
Vitality,apEX,https://prosettings.net/counterstrike/apex/
Vitality,shox,https://prosettings.net/counterstrike/shox/
Vitality,RpK,https://prosettings.net/counterstrike/rpk/
Vitality,misutaaa,https://prosettings.net/counterstrike/misutaaa/
Vitality,ZywOo,https://prosettings.net/counterstrike/zywoo/
FURIA,kscerato,https://prosettings.net/counterstrike/kscerato/
FURIA,arT,https://prosettings.net/counterstrike/art/
FURIA,yuurih,https://prosettings.net/counterstrike/yuurih/
FURIA,VINI,https://prosettings.net/counterstrike/vini/
FURIA,HEN1,https://prosettings.net/counterstrike/hen1/
NiP (B),Lekr0,https://prosettings.net/counterstrike/Lekr0/
NiP,twist,https://prosettings.net/counterstrike/twist/
NiP,nawwk,https://prosettings.net/counterstrike/nawwk/
NiP,Plopski,https://prosettings.net/counterstrike/plopski/
NiP,REZ,https://prosettings.net/counterstrike/rez/
NiP,Hampus,https://prosettings.net/counterstrike/hampus/
ML,Bubzkji,https://prosettings.net/counterstrike/bubzkji/
ML,roeJ,https://prosettings.net/counterstrike/roej/
ML,acoR,https://prosettings.net/counterstrike/acor/
ML,sjuush,https://prosettings.net/counterstrike/sjuush/
ML,AcilioN,https://prosettings.net/counterstrike/acilion/
Gen.G,autimatic,https://prosettings.net/counterstrike/autimatic/
Gen.G,s0m,https://prosettings.net/counterstrike/s0m/
Gen.G,BnTeT,https://prosettings.net/counterstrike/bntet/
Gen.G,daps,https://prosettings.net/counterstrike/daps/
Gen.G,koosta,https://prosettings.net/counterstrike/koosta/
Heroic,stavn,https://prosettings.net/counterstrike/stavn/
Heroic,teses,https://prosettings.net/counterstrike/teses/
Heroic,niko,https://prosettings.net/counterstrike/niko_danish/
Heroic,cadiaN,https://prosettings.net/counterstrike/cadian/
Heroic,b0RUP,https://prosettings.net/counterstrike/b0rup/
GODSENT,STYKO,https://prosettings.net/counterstrike/styko/
GODSENT,maden,https://prosettings.net/counterstrike/maden/
GODSENT,farlig,https://prosettings.net/counterstrike/farlig/
GODSENT,kRYSTAL,https://prosettings.net/counterstrike/krystal/
GODSENT,zehN,https://prosettings.net/counterstrike/zehn/
GODSENT (B),Maikelele,https://prosettings.net/counterstrike/maikelele/
coL,k0nfig,https://prosettings.net/counterstrike/k0nfig/
coL,oBo,https://prosettings.net/counterstrike/obo/
coL,blameF,https://prosettings.net/counterstrike/blamef/
coL,RUSH,https://prosettings.net/counterstrike/rush/
coL,poizon,https://prosettings.net/counterstrike/poizon/
BIG,tizian,https://prosettings.net/counterstrike/tizian/
BIG,k1to,https://prosettings.net/counterstrike/k1to/
BIG,XANTARES,https://prosettings.net/counterstrike/xantares/
BIG,tabseN,https://prosettings.net/counterstrike/tabsen/
BIG,syrsoN,https://prosettings.net/counterstrike/syrson/
c0ntact,EspiranTo,https://prosettings.net/counterstrike/espiranto/
c0ntact,ottoNd,https://prosettings.net/counterstrike/ottond/
c0ntact,LETN1,https://prosettings.net/counterstrike/letn1/
c0ntact,SHiPZ,https://prosettings.net/counterstrike/shipz/
Virtus.pro,Jame,https://prosettings.net/counterstrike/jame/
Virtus.pro,qikert,https://prosettings.net/counterstrike/qikert/
Virtus.pro,AdreN,https://prosettings.net/counterstrike/adren/
Virtus.pro,SANJI,https://prosettings.net/counterstrike/sanji/
Virtus.pro,YEKINDAR,https://prosettings.net/counterstrike/yekindar/
Virtus.pro (B),Buster,https://prosettings.net/counterstrike/buster/
OG,NBK,https://prosettings.net/counterstrike/nbk/
OG,Aleksib,https://prosettings.net/counterstrike/aleksib/
OG,valde,https://prosettings.net/counterstrike/valde/
OG,mantuu,https://prosettings.net/counterstrike/mantuu/
OG,ISSAA,https://prosettings.net/counterstrike/issaa/
ENCE,sergej,https://prosettings.net/counterstrike/sergej/
ENCE,Aerial,https://prosettings.net/counterstrike/aerial/
ENCE,allu,https://prosettings.net/counterstrike/allu/
ENCE,xseveN,https://prosettings.net/counterstrike/xseven/
ENCE,Jamppi,https://prosettings.net/counterstrike/jamppi/
ENCE,suNny,https://prosettings.net/counterstrike/sunny/
North,gade,https://prosettings.net/counterstrike/gade/
North,MSL,https://prosettings.net/counterstrike/msl/
North,cajunb,https://prosettings.net/counterstrike/cajunb/
North,aizy,https://prosettings.net/counterstrike/aizy/
North,Kjaerbye,https://prosettings.net/counterstrike/kjaerbye/
forZe,facecrack,https://prosettings.net/counterstrike/facecrack/
forZe,Jerry,https://prosettings.net/counterstrike/jerry/
forZe,almazer,https://prosettings.net/counterstrike/almazer/
forZe,xsepower,https://prosettings.net/counterstrike/xsepower/
forZe,FL1T,https://prosettings.net/counterstrike/fl1t/
RNG,dexter,https://prosettings.net/counterstrike/dexter/
RNG,malta,https://prosettings.net/counterstrike/malta/
RNG,Sico,https://prosettings.net/counterstrike/sico/
RNG,INS,https://prosettings.net/counterstrike/ins/
MIBR,FalleN,https://prosettings.net/counterstrike/fallen/
MIBR,fer,https://prosettings.net/counterstrike/fer/
MIBR,TACO,https://prosettings.net/counterstrike/taco/
MIBR,trk,https://prosettings.net/counterstrike/trk/
MIBR,kNg,https://prosettings.net/counterstrike/kng/
MIBR (B),meyern,https://prosettings.net/counterstrike/meyern/
Spirit,sdy,https://prosettings.net/counterstrike/somedieyoung/
Spirit,iDISBALANCE,https://prosettings.net/counterstrike/idisbalance/
Spirit,magixx,https://prosettings.net/counterstrike/magixx/
Spirit,mir,https://prosettings.net/counterstrike/mir/
Spirit,chopper,https://prosettings.net/counterstrike/chopper/
Cloud9 (S),TenZ,https://prosettings.net/counterstrike/tenzera/
Cloud9,motm,https://prosettings.net/counterstrike/motm/
Cloud9,Sonic,https://prosettings.net/counterstrike/sonic/
Cloud9,floppy,https://prosettings.net/counterstrike/floppy/
Cloud9,oSee,https://prosettings.net/counterstrike/osee/
Cloud9,JT,https://prosettings.net/counterstrike/jt-csgo/
Tyloo,Attacker,https://prosettings.net/counterstrike/attacker/
Tyloo,Summer,https://prosettings.net/counterstrike/summer/
Tyloo,somebody,https://prosettings.net/counterstrike/somebody/
Tyloo (B),Freeman,https://prosettings.net/counterstrike/freeman/
Syman,n0rb3r7,https://prosettings.net/counterstrike/n0rb3r7/
Syman,mou,https://prosettings.net/counterstrike/mou/
Syman,nealan,https://prosettings.net/counterstrike/nealan/
Syman,Keoz,https://prosettings.net/counterstrike/keoz/
Syman,kreaz,https://prosettings.net/counterstrike/kreaz/
Gambit Y,Ax1Le,https://prosettings.net/counterstrike/ax1le/
Gambit Y,sh1ro,https://prosettings.net/counterstrike/sh1ro/
Sprout,snatchie,https://prosettings.net/counterstrike/snatchie/
Sprout,Spiidi,https://prosettings.net/counterstrike/spiidi/
Sprout,denis,https://prosettings.net/counterstrike/denis/
Chaos,vanity,https://prosettings.net/counterstrike/vanity/
Chaos,steel,https://prosettings.net/counterstrike/steel_jn/
GL,dennis,https://prosettings.net/counterstrike/dennis/
GL,ScreaM,https://prosettings.net/counterstrike/scream/
GL,freddieb,https://prosettings.net/counterstrike/freddieb/
GL,draken,https://prosettings.net/counterstrike/draken/
Orgless,yay,https://prosettings.net/counterstrike/yay/
Orgless,Subroza,https://prosettings.net/counterstrike/subroza/
Orgless,FNS,https://prosettings.net/counterstrike/fns/
MR,loWel,https://prosettings.net/counterstrike/lowel/
MR,steel,https://prosettings.net/counterstrike/steel/
MR,alex,https://prosettings.net/counterstrike/alexitownz/
FPX,ptr,https://prosettings.net/counterstrike/ptr/
Dignitas,friberg,https://prosettings.net/counterstrike/friberg/
Dignitas,Xizt,https://prosettings.net/counterstrike/xizt/
Dignitas,f0rest,https://prosettings.net/counterstrike/f0rest/
Dignitas,GeT_RiGhT,https://prosettings.net/counterstrike/get_right/
Dignitas,hallzerk,https://prosettings.net/counterstrike/hallzerk/
CPH Flames,refrezh,https://prosettings.net/counterstrike/refrezh/
Boom,felps,https://prosettings.net/counterstrike/felps/
Boom,boltz,https://prosettings.net/counterstrike/boltz/
Boom,yeL,https://prosettings.net/counterstrike/yel/
Boom,chelo,https://prosettings.net/counterstrike/chelo/
pro100,dimasick,https://prosettings.net/counterstrike/dimasick/
pro100,WorldEdit,https://prosettings.net/counterstrike/worldedit/
pro100,wayLander,https://prosettings.net/counterstrike/waylander/
EnVyUs,moose,https://prosettings.net/counterstrike/moose/
EnVyUs,MICHU,https://prosettings.net/counterstrike/michu/
EnVyUs,Calyx,https://prosettings.net/counterstrike/calyx/
EnVyUs,Nifty,https://prosettings.net/counterstrike/nifty/
AGO,Furlan,https://prosettings.net/counterstrike/furlan/
AGO,Gruby,https://prosettings.net/counterstrike/gruby/
HL,Forester,https://prosettings.net/counterstrike/forester/
HL,svyat,https://prosettings.net/counterstrike/svyat/
HL,kinqie,https://prosettings.net/counterstrike/kinqie/
HL,Krad,https://prosettings.net/counterstrike/krad/
Nordavind,NaToSaphiX,https://prosettings.net/counterstrike/natosaphix/
Nordavind,tenzki,https://prosettings.net/counterstrike/tenzki/
Nordavind,cromen,https://prosettings.net/counterstrike/cromen/
Nordavind,RUBINO,https://prosettings.net/counterstrike/RUBINO/
Nordavind,HS,https://prosettings.net/counterstrike/hs/
Heretics,kioShiMa,https://prosettings.net/counterstrike/kioshima/
Heretics,Lucky,https://prosettings.net/counterstrike/lucky/
Heretics,Maka,https://prosettings.net/counterstrike/maka/
Heretics,Nivera,https://prosettings.net/counterstrike/nivera/
Heretics,xms,https://prosettings.net/counterstrike/xms/
Winstrike,krizzen,https://prosettings.net/counterstrike/krizzen/
Winstrike,bondik,https://prosettings.net/counterstrike/bondik/
Winstrike,HObbit,https://prosettings.net/counterstrike/hobbit/
Winstrike,El1an,https://prosettings.net/counterstrike/el1an/
Winstrike,Lack1,https://prosettings.net/counterstrike/lack1/
Nemiga,lollipop21k,https://prosettings.net/counterstrike/lollipop21k/
Nemiga,speed4k,https://prosettings.net/counterstrike/speed4k/
Illuminar,Snax,https://prosettings.net/counterstrike/snax/
Illuminar,mouz,https://prosettings.net/counterstrike/mouz/
Illuminar,innocent,https://prosettings.net/counterstrike/innocent/
SP,Zellsis,https://prosettings.net/counterstrike/zellsis/
SP,Cooper,https://prosettings.net/counterstrike/cooper/
SP,MarkE,https://prosettings.net/counterstrike/marke/
SP,Freakazoid,https://prosettings.net/counterstrike/freakazoid/
ESPADA,S0TF1k,https://prosettings.net/counterstrike/s0tf1k/
ESPADA,Dima,https://prosettings.net/counterstrike/dima/
LDLC,hAdji,https://prosettings.net/counterstrike/hadji/
LDLC,SIXER,https://prosettings.net/counterstrike/sixer/
LDLC,bodyy,https://prosettings.net/counterstrike/bodyy/
LDLC (B),LOGAN,https://prosettings.net/counterstrike/logan/
ORDER,USTILO,https://prosettings.net/counterstrike/ustilo/
ORDER,Rickeh,https://prosettings.net/counterstrike/rickeh/
Japaleno,PlesseN,https://prosettings.net/counterstrike/plessen/
Mythic,fl0m,https://prosettings.net/counterstrike/fl0m/
Singularity,mertz,https://prosettings.net/counterstrike/mertz/
AVANT,sterling,https://prosettings.net/counterstrike/sterling/
Giants,fox,https://prosettings.net/counterstrike/fox/
BTRG,xccurate,https://prosettings.net/counterstrike/xccurate/
Apeks,radifaction,https://prosettings.net/counterstrike/radifaction/
SI,Relyks,https://prosettings.net/counterstrike/relyks/
RC,destiny,https://prosettings.net/counterstrike/destinyy/
paiN Gaming,PKL,https://prosettings.net/counterstrike/pkl/
paiN Gaming,NEKIZ,https://prosettings.net/counterstrike/nekiz/
9z Team,xand,https://prosettings.net/counterstrike/xand/
9z Team,bit,https://prosettings.net/counterstrike/bit/
W7M,ableJ,https://prosettings.net/counterstrike/ablej/
Budapest Five,Zero,https://prosettings.net/counterstrike/zero/
CL,seized,https://prosettings.net/counterstrike/seized/
es4x,jR,https://prosettings.net/counterstrike/jr/
IE,SHOOWTiME,https://prosettings.net/counterstrike/shoowtime/
TIGER,erkaSt,https://prosettings.net/counterstrike/erkast/
Sharks,Luken,https://prosettings.net/counterstrike/luken/
PA,reltuC,https://prosettings.net/counterstrike/reltuc/
SMASH,disco doplan,https://prosettings.net/counterstrike/disco-doplan/
SMASH,bubble,https://prosettings.net/counterstrike/bubble/
Sangal,ngiN,https://prosettings.net/counterstrike/ngin/
Sangal,paz,https://prosettings.net/counterstrike/paz/
Sangal,MAJ3R,https://prosettings.net/counterstrike/maj3r/
Sangal,FURIOUSSS,https://prosettings.net/counterstrike/furiousss/
The Dice,DEVIL,https://prosettings.net/counterstrike/devil/
DC,devoduvek,https://prosettings.net/counterstrike/devoduvek/
Skin Ogres,blocker,https://prosettings.net/counterstrike/blocker/
MC,Dosia,https://prosettings.net/counterstrike/dosia/
MC,hutji,https://prosettings.net/counterstrike/hutji/
Extremum,waterfallz,https://prosettings.net/counterstrike/waterfallz/
Extremum,balblna,https://prosettings.net/counterstrike/balblna/
HONORIS,NEO,https://prosettings.net/counterstrike/neo/
HONORIS,TaZ,https://prosettings.net/counterstrike/taz/
OneThree,Mo,https://prosettings.net/counterstrike/mo/
OneThree,DD,https://prosettings.net/counterstrike/dd/
Instinct,to1nou,https://prosettings.net/counterstrike/to1nou/
Meanwhile,stark,https://prosettings.net/counterstrike/stark/
Youngsters,pashaBiceps,https://prosettings.net/counterstrike/pasha/
EsportsAdviser,Jayzwalkingz,https://prosettings.net/counterstrike/jayzwalkingz/
Maknitude,sycrone,https://prosettings.net/counterstrike/sycrone/
Melbet,tonyblack,https://prosettings.net/counterstrike/tonyblack/
Melbet,DavCost,https://prosettings.net/counterstrike/davcost/
Wisła Kraków,byali,https://prosettings.net/counterstrike/byali/
Wisła Kraków,SZPERO,https://prosettings.net/counterstrike/szpero/
Streamer,shroud,https://prosettings.net/counterstrike/shroud/
Streamer,Skadoodle,https://prosettings.net/counterstrike/skadoodle/
Streamer,summit1g,https://prosettings.net/counterstrike/summit1g-csgo/
Streamer,1mpala,https://prosettings.net/counterstrike/1mpala/
Streamer,Hiko,https://prosettings.net/counterstrike/hiko/
Streamer,mixwell,https://prosettings.net/counterstrike/mixwell/
Streamer,Pimp,https://prosettings.net/counterstrike/pimp/
Streamer,NisaY,https://prosettings.net/counterstrike/nisay/
Streamer,seangares,https://prosettings.net/counterstrike/seangares/
Streamer,Lobanjica,https://prosettings.net/counterstrike/lobanjica/
Streamer,jasonR,https://prosettings.net/counterstrike/jasonr/
Streamer,swag / brax,https://prosettings.net/counterstrike/swag/
Secret,anarkez,https://prosettings.net/counterstrike/anarkez/
FA,n0thing,https://prosettings.net/counterstrike/n0thing/
FA,jmqa,https://prosettings.net/counterstrike/jmqa/
FA,Kvik,https://prosettings.net/counterstrike/kvik/
FA,nukkye,https://prosettings.net/counterstrike/nukkye/
FA,Happy,https://prosettings.net/counterstrike/happy/
FA,benny,https://prosettings.net/counterstrike/benny/
FA,markeloff,https://prosettings.net/counterstrike/markeloff/
FA,hazed,https://prosettings.net/counterstrike/hazed/
FA,anger,https://prosettings.net/counterstrike/anger/
FA,D0cC,https://prosettings.net/counterstrike/d0cc/
FA,znajder,https://prosettings.net/counterstrike/znajder/
FA,vice,https://prosettings.net/counterstrike/vice/
FA,crush,https://prosettings.net/counterstrike/crush/
FA,COLDYY1,https://prosettings.net/counterstrike/coldyy1/
FA,dephh,https://prosettings.net/counterstrike/dephh/
FA,ANDROID,https://prosettings.net/counterstrike/android/
FA,oskar,https://prosettings.net/counterstrike/oskar/
FA,imor,https://prosettings.net/counterstrike/imor/
FA,morelz,https://prosettings.net/counterstrike/morelz/
FA,Edward,https://prosettings.net/counterstrike/edward/
FA,jdm64,https://prosettings.net/counterstrike/jdm64/
FA,Drone,https://prosettings.net/counterstrike/drone/
FA,DickStacy,https://prosettings.net/counterstrike/dickstacy/
FA,LUCAS1,https://prosettings.net/counterstrike/lucas1/
FA,ShahZaM,https://prosettings.net/counterstrike/shahzam/
FA,MODDII,https://prosettings.net/counterstrike/moddii/
FA,ANGE1,https://prosettings.net/counterstrike/ange1/
FA,DeadFox,https://prosettings.net/counterstrike/deadfox/
FA,yam,https://prosettings.net/counterstrike/yam/
FA,rallen,https://prosettings.net/counterstrike/rallen/
FA,t0rick,https://prosettings.net/counterstrike/t0rick/
FA,Ramz1k,https://prosettings.net/counterstrike/ramz1k/
FA,SicK,https://prosettings.net/counterstrike/sick/
FA,DESPE,https://prosettings.net/counterstrike/despe/
FA,fnx,https://prosettings.net/counterstrike/fnx/
FA,keev,https://prosettings.net/counterstrike/keev/
FA,nex,https://prosettings.net/counterstrike/nex/
FA,Ex6TenZ,https://prosettings.net/counterstrike/ex6tenz/
FA,ALEX,https://prosettings.net/counterstrike/alex/
FA,glace,https://prosettings.net/counterstrike/glace/
FA,v1c7oR,https://prosettings.net/counterstrike/v1c7or/
FA,Karus,https://prosettings.net/counterstrike/karus/
FA,Baaten,https://prosettings.net/counterstrike/baaten/
FA,FugLy,https://prosettings.net/counterstrike/fugly/
FA,smooya,https://prosettings.net/counterstrike/smooya/
FA,AZK,https://prosettings.net/counterstrike/azk/
FA,fitch,https://prosettings.net/counterstrike/fitch/
FA,pyth,https://prosettings.net/counterstrike/pyth/
FA,phr,https://prosettings.net/counterstrike/phr/
Izako Boars,TOAO,https://prosettings.net/counterstrike/toao/
Retired,SmithZz,https://prosettings.net/counterstrike/smithzz/
Retired,pronax,https://prosettings.net/counterstrike/pronax/
Retired,xeta,https://prosettings.net/counterstrike/xeta/
Retired,Zeus,https://prosettings.net/counterstrike/zeus/
Retired,gob b,https://prosettings.net/counterstrike/gob-b/
Retired,Maniac,https://prosettings.net/counterstrike/maniac/
Retired,mistou,https://prosettings.net/counterstrike/mistou/
Coach,adreN,https://prosettings.net/counterstrike/adren_eh/
Coach,B1ad3,https://prosettings.net/counterstrike/b1ad3/
Coach,LEGIJA,https://prosettings.net/counterstrike/legija/
