1267100800,D:/OneDrive/Desktop/University\TM111\Block 1 Part 3 Digital media\Sounds for TMA01
128986772,D:/OneDrive/Desktop/University\TM111\Block 1 Part 4 Weaving the web\5.3.2 website\video\project_data\e08\d05
119070436,D:/OneDrive/Desktop/University\TM111\Block 1 Part 4 Weaving the web\5.3.2 website\video\project_data\e08\d04
111400380,D:/OneDrive/Desktop/University\TM111\Block 1 Part 4 Weaving the web\5.3.2 website\video\project_data\e08\d03
92761452,D:/OneDrive/Desktop/University\TM111\Block 1 Part 4 Weaving the web\5.3.2 website\video\project_data\e08\d06
76221432,D:/OneDrive/Desktop/University\TM111\TMA 01\Audio resources\01 Music-1
70943556,D:/OneDrive/Desktop/University\TM111\TMA 01\Audio resources
23285642,D:/OneDrive/Desktop/University\TM111\Block 1 Part 4 Weaving the web\5.3.2 website\video
20394899,D:/OneDrive/Desktop/University\TM111\Block 1 Part 3 Digital media
17816776,D:/OneDrive/Desktop/University\TM111\TMA 01\question 2 part b_data\e08\d08
17661203,D:/OneDrive/Desktop/University\TM111\Block 1 Part 3 Digital media\TM111_B1_P3_Audacity_Activity_files
17321644,D:/OneDrive/Desktop/University\TM111\Block 1 Part 3 Digital media\Project_3.3.3_data\e08\d08
9000701,D:/OneDrive/Desktop/University\TM111\Block 1 Part 4 Weaving the web\5.3.2 website
8255053,D:/OneDrive/Desktop/University\course details\SFE
8126261,D:/OneDrive/Desktop/University\TM111\Block 1 Part 4 Weaving the web\5.3.2 website\the actul website
6515146,D:/OneDrive/Desktop/University\TM111\Block 1 Part 4 Weaving the web\Open Sites resource files-20210430
4103413,D:/OneDrive/Desktop/University\TM111\Block 1 Part 4 Weaving the web
3099992,D:/OneDrive/Desktop/University\TM111\Block 1 Part 4 Weaving the web\5.3.2 website\video\project_data\e08\d07
2666869,D:/OneDrive/Desktop/University\course details\registration
1951880,D:/OneDrive/Desktop/University\documents
1698073,D:/OneDrive/Desktop/University\TM111\TMA 01
1644968,D:/OneDrive/Desktop/University\TM111\Block 1 Part 4 Weaving the web\5.3.2 website\bitcoin website
862089,D:/OneDrive/Desktop/University\TM111\TMA template
819021,D:/OneDrive/Desktop/University\TM111\Block 1 Part 4 A world built of data
366159,D:/OneDrive/Desktop/University\TM111\Block 1 Part 2 The evolving computer
166879,D:/OneDrive/Desktop/University\TM111\Block 1 Part 4 Weaving the web\website files
107268,D:/OneDrive/Desktop/University\TM111\Block 1 Part 1 Living in a digital world
100100,D:/OneDrive/Desktop/University\TM111\Block 1 Part 6 Crossing boundaries
79784,D:/OneDrive/Desktop/University\TM111\ICMA 41
42069,D:/OneDrive/Desktop/University\TM111
160,D:/OneDrive/Desktop/University
23,D:/OneDrive/Desktop/University\course details
0,D:/OneDrive/Desktop/University\TM111\TMA 01\question 2 part b_data\e08
0,D:/OneDrive/Desktop/University\TM111\TMA 01\question 2 part b_data
0,D:/OneDrive/Desktop/University\TM111\Block 1 Part 4 Weaving the web\5.3.2 website\video\project_data\e08\d08
0,D:/OneDrive/Desktop/University\TM111\Block 1 Part 4 Weaving the web\5.3.2 website\video\project_data\e08\d02
0,D:/OneDrive/Desktop/University\TM111\Block 1 Part 4 Weaving the web\5.3.2 website\video\project_data\e08\d01
0,D:/OneDrive/Desktop/University\TM111\Block 1 Part 4 Weaving the web\5.3.2 website\video\project_data\e08\d00
0,D:/OneDrive/Desktop/University\TM111\Block 1 Part 4 Weaving the web\5.3.2 website\video\project_data\e08
0,D:/OneDrive/Desktop/University\TM111\Block 1 Part 4 Weaving the web\5.3.2 website\video\project_data
0,D:/OneDrive/Desktop/University\TM111\Block 1 Part 3 Digital media\Project_3.3.3_data\e08
0,D:/OneDrive/Desktop/University\TM111\Block 1 Part 3 Digital media\Project_3.3.3_data
