28426741846,D:/OneDrive/Pictures\2019\24-08-2019 (Majorca)\Mallorca
12268621769,D:/OneDrive/Pictures\2019\10-03-2019
8389557322,D:/OneDrive/Pictures\2016\SA Photos
5337246315,D:/OneDrive/Pictures\2019\08-08-2019 (US holiday)
4657598417,D:/OneDrive/Pictures\2019\24-08-2019 (Majorca)
3939570906,D:/OneDrive/Pictures\2020\September
3938118145,D:/OneDrive/Pictures\2019\16-06-2019
2804859462,D:/OneDrive/Pictures\2019\15-09-2019 (helicopter ride)
2527916493,D:/OneDrive/Pictures\2020\P900\August
2215979889,D:/OneDrive/Pictures\2017\17-11-2017
1972216059,D:/OneDrive/Pictures\2020\April
1851250521,D:/OneDrive/Pictures\2019\01-12-2019\Download
1768812301,D:/OneDrive/Pictures\HDD pictures\Uplay\Assassin's Creed® Origins
1655186665,D:/OneDrive/Pictures\2020\P900\March-Rugby weekend
1610040224,D:/OneDrive/Pictures\2020\August
1333932408,D:/OneDrive/Pictures\2021\January
1199764590,D:/OneDrive/Pictures\2020\P900\December
1127477190,D:/OneDrive/Pictures\2021\Feburary
1065438648,D:/OneDrive/Pictures\2020\March
953261546,D:/OneDrive/Pictures\2017\08-10-2017
895833692,D:/OneDrive/Pictures\2019\P900\1-11-2019 (fire works)
836662987,D:/OneDrive/Pictures\2019\P900\08-10-2019
812681477,D:/OneDrive/Pictures\2021\P900\May
771236434,D:/OneDrive/Pictures\2020\Febuary
746053638,D:/OneDrive/Pictures\2019\01-12-2019
729184363,D:/OneDrive/Pictures\2020\15-01-2020
669097706,D:/OneDrive/Pictures\2018\12-02-2018
651586018,D:/OneDrive/Pictures\2020\P900\April
631809507,D:/OneDrive/Pictures\2020\P900\March-2020
605980779,D:/OneDrive/Pictures\2019\P900\28-09-2019
561891086,D:/OneDrive/Pictures\2020\October
501979989,D:/OneDrive/Pictures\2021\April
501533839,D:/OneDrive/Pictures\2019\P900\09-10-2019
487968517,D:/OneDrive/Pictures\2020\July
459141249,D:/OneDrive/Pictures\2019\10-03-2019\.thumbnails
457656957,D:/OneDrive/Pictures\2020\June-July
455172230,D:/OneDrive/Pictures\2021\May
416747796,D:/OneDrive/Pictures\2019\P900\November-2019
383477561,D:/OneDrive/Pictures\downloads
365360603,D:/OneDrive/Pictures\Video Projects
353477329,D:/OneDrive/Pictures\2020\P900\June
324840490,D:/OneDrive/Pictures\2021\Feburary\phoneback replace\WhatsApp\Media\WhatsApp Video
322387471,D:/OneDrive/Pictures\HDD pictures\Bench Marks\Cinebench
306385572,D:/OneDrive/Pictures\Instagram
305533211,D:/OneDrive/Pictures\2019\01-12-2019\.thumbnails
303972336,D:/OneDrive/Pictures\2016\SA Photos\New folder
302563991,D:/OneDrive/Pictures\Uplay\Assassin's Creed® Valhalla
285206231,D:/OneDrive/Pictures\2020\P900\May
282846407,D:/OneDrive/Pictures\2020\July\Download
272604411,D:/OneDrive/Pictures\2019\08-08-2019 (US holiday)\.thumbnails
272064565,D:/OneDrive/Pictures\HDD pictures\Instagram
262960887,D:/OneDrive/Pictures\2019\16-06-2019\.thumbnails
259422330,D:/OneDrive/Pictures\2020\July\WhatsApp Images
255528342,D:/OneDrive/Pictures\2021\P900\Febrary
247205996,D:/OneDrive/Pictures\2019\15-09-2019 (helicopter ride)\Screenshots
246170203,D:/OneDrive/Pictures\2020\P900\July
239641586,D:/OneDrive/Pictures\2020\P900\15-01-2020
234385437,D:/OneDrive/Pictures\2019\08-08-2019 (US holiday)\Screenshots
219345320,D:/OneDrive/Pictures\HDD pictures\Bench Marks\Cinebench\CinebenchR20\corelibs
216123411,D:/OneDrive/Pictures\2021\March
215934423,D:/OneDrive/Pictures\2020\October\Screenshots
210987785,D:/OneDrive/Pictures\2020\23-01-2020
190610622,D:/OneDrive/Pictures\Screenshots\447040\screenshots
187924565,D:/OneDrive/Pictures\Uplay\WATCH_DOGS® 2
183613045,D:/OneDrive/Pictures\2019\08-08-2019 (US holiday)\US chat\alphabet
174028607,D:/OneDrive/Pictures\Uplay\Assassin's Creed® Origins
169792026,D:/OneDrive/Pictures\2021\January\Screenshots
169312982,D:/OneDrive/Pictures\2019\P900\October-2019
165853792,D:/OneDrive/Pictures\HDD pictures\Uplay\WATCH_DOGS® 2
163673343,D:/OneDrive/Pictures\HDD pictures\Bench Marks\Cinebench\CinebenchR20\resource\modules\cinebench\cpu
163502575,D:/OneDrive/Pictures\2019\15-09-2019 (helicopter ride)\.thumbnails
162502214,D:/OneDrive/Pictures\2019\24-08-2019 (Majorca)\.thumbnails
161908307,D:/OneDrive/Pictures\HDD pictures\Camera Roll
158073997,D:/OneDrive/Pictures\2020\October\Download
150070114,D:/OneDrive/Pictures\Screenshots\760\remote\730\screenshots
149497782,D:/OneDrive/Pictures\HDD pictures\Uplay\Far Cry® 4
141009737,D:/OneDrive/Pictures\2021\January\Download
139021253,D:/OneDrive/Pictures\2021\June
138524444,D:/OneDrive/Pictures\HDD pictures\images
135267739,D:/OneDrive/Pictures\Uplay\Assassin's Creed® Odyssey
134949250,D:/OneDrive/Pictures\Screenshots\760\remote\812140\screenshots
130503673,D:/OneDrive/Pictures\HDD pictures\Uplay\Fan_Kit\GIFs
129414960,D:/OneDrive/Pictures\2020\23-01-2020\.thumbnails
127695488,D:/OneDrive/Pictures\2020\Febuary\Motorbike Crash (8th Febuary)
123556037,D:/OneDrive/Pictures\Screenshots\730\screenshots
118188799,D:/OneDrive/Pictures\HDD pictures\Photos\ellen
117650411,D:/OneDrive/Pictures\2020\April\.thumbnails
116608823,D:/OneDrive/Pictures\2021\Feburary\phoneback replace\Download
112440597,D:/OneDrive/Pictures\2019\24-08-2019 (Majorca)\Screenshots
106269975,D:/OneDrive/Pictures\HDD pictures
104600752,D:/OneDrive/Pictures\Screenshots\552520\screenshots
102252574,D:/OneDrive/Pictures\Uplay\Far Cry® 5
101253988,D:/OneDrive/Pictures\Screenshots\760\remote\582160\screenshots
99499724,D:/OneDrive/Pictures\2016\SA Photos\New folder\yes
96682836,D:/OneDrive/Pictures\HDD pictures\Uplay\Fan_Kit\Characters\Alexios
94405340,D:/OneDrive/Pictures\HDD pictures\Uplay\Fan_Kit\Characters\Kassandra
90151131,D:/OneDrive/Pictures\2020\P900\March-Rugby weekend\action shots
89649074,D:/OneDrive/Pictures\HDD pictures\Uplay\Fan_Kit\Screenshots
84306838,D:/OneDrive/Pictures\2021\May\.thumbnails
81566947,D:/OneDrive/Pictures\Instagram\jared.turck_20190901\direct\201908
81566947,D:/OneDrive/Pictures\HDD pictures\Instagram\jared.turck_20190901\direct\201908
81566947,D:/OneDrive/Pictures\2019\08-08-2019 (US holiday)\US chat\jared.turck_20190901\direct\201908
75040919,D:/OneDrive/Pictures\HDD pictures\Photos
70661980,D:/OneDrive/Pictures\2020\March\.thumbnails
67830515,D:/OneDrive/Pictures\2020\August\Image
67135894,D:/OneDrive/Pictures\HDD pictures\Bench Marks\Cinebench\CinebenchR20\resource\modules\cinebench\cpu\tex
63782733,D:/OneDrive/Pictures\HDD pictures\ig edits\Tango\no
63065184,D:/OneDrive/Pictures\2019\16-06-2019\Screenshots
62112473,D:/OneDrive/Pictures\2021\Feburary\phoneback replace\InstaDownload\Videos
57921752,D:/OneDrive/Pictures\2020\23-01-2020\Download
52996151,D:/OneDrive/Pictures\Screenshots\760\remote\1222700\screenshots
49006625,D:/OneDrive/Pictures\HDD pictures\Uplay\Fan_Kit\Characters\Barnabas
48455386,D:/OneDrive/Pictures\2020\June-July\Screenshots
43635844,D:/OneDrive/Pictures\2019\01-12-2019\WhatsApp\Media\WhatsApp Video\Sent
43449257,D:/OneDrive/Pictures\HDD pictures\Uplay\Fan_Kit\Characters\Cultist
42528556,D:/OneDrive/Pictures\Instagram\jared.turck_20190901\direct\201907
42528556,D:/OneDrive/Pictures\HDD pictures\Instagram\jared.turck_20190901\direct\201907
42528556,D:/OneDrive/Pictures\2019\08-08-2019 (US holiday)\US chat\jared.turck_20190901\direct\201907
41809932,D:/OneDrive/Pictures\HDD pictures\Uplay\Fan_Kit\Characters\Sokrates
40159136,D:/OneDrive/Pictures\Instagram\jared.turck_20190901\videos\201908
40159136,D:/OneDrive/Pictures\HDD pictures\Instagram\jared.turck_20190901\videos\201908
40159136,D:/OneDrive/Pictures\2019\08-08-2019 (US holiday)\US chat\jared.turck_20190901\videos\201908
39097929,D:/OneDrive/Pictures\2020\April\Screenshots
38823829,D:/OneDrive/Pictures\2021\April\Screenshots
36914131,D:/OneDrive/Pictures\HDD pictures\ig edits\Tango
36852635,D:/OneDrive/Pictures\2019\01-12-2019\WhatsApp\Databases
36504842,D:/OneDrive/Pictures\2021\May\WhatsApp Images
36236265,D:/OneDrive/Pictures\2019\08-08-2019 (US holiday)\US chat\photos
36172139,D:/OneDrive/Pictures\2021\April\.thumbnails
35270840,D:/OneDrive/Pictures\Instagram\jared.turck_20190901\videos\201907
35270840,D:/OneDrive/Pictures\HDD pictures\Instagram\jared.turck_20190901\videos\201907
35270840,D:/OneDrive/Pictures\2019\08-08-2019 (US holiday)\US chat\jared.turck_20190901\videos\201907
33019940,D:/OneDrive/Pictures\Screenshots\18408063881743171584\screenshots
32664442,D:/OneDrive/Pictures\Screenshots\12429510396879044608\screenshots
32445818,D:/OneDrive/Pictures\HDD pictures\Uplay\Fan_Kit\Logo
32119383,D:/OneDrive/Pictures\2019\01-12-2019\Nikon_WU\Card\D07102019_001\100NIKON
31885631,D:/OneDrive/Pictures\HDD pictures\Uplay\Fan_Kit\Wallpapers
29482845,D:/OneDrive/Pictures\2019\08-08-2019 (US holiday)\Shelby Photos
29292028,D:/OneDrive/Pictures\2019\01-12-2019\WhatsApp\Media\WhatsApp Video
28838118,D:/OneDrive/Pictures\HDD pictures\photoshop
28099702,D:/OneDrive/Pictures\2020\July\Screenshots
27617469,D:/OneDrive/Pictures\2019\01-12-2019\WhatsApp\Media\WhatsApp Images\Sent
27546125,D:/OneDrive/Pictures\2021\June\.thumbnails
26968009,D:/OneDrive/Pictures\2020\August\Screenshots
26253182,D:/OneDrive/Pictures\2020\March\Screenshots
25293877,D:/OneDrive/Pictures\HDD pictures\blender
24672614,D:/OneDrive/Pictures\HDD pictures\Bench Marks\Cinebench\CINEBENCHR15.038\CINEBENCH R15.038_RC184115
24170547,D:/OneDrive/Pictures\HDD pictures\Bench Marks\Cinebench\CINEBENCHR15.038\CINEBENCH R15.038_RC184115\plugins\bench\ogl
23540764,D:/OneDrive/Pictures\2020\P900\January-2020
23312652,D:/OneDrive/Pictures\HDD pictures\Bench Marks\Cinebench\CINEBENCHR15.038\CINEBENCH R15.038_RC184115\plugins\bench\ogl\refimages
23213496,D:/OneDrive/Pictures\HDD pictures\Bench Marks\Cinebench\CinebenchR20\resource\modules\embree.module\libs\win64
23130442,D:/OneDrive/Pictures\2019\01-12-2019\WhatsApp\Media\WhatsApp Images
22592604,D:/OneDrive/Pictures\Instagram\jared.turck_20190901\photos\201907
22592604,D:/OneDrive/Pictures\HDD pictures\Instagram\jared.turck_20190901\photos\201907
22592604,D:/OneDrive/Pictures\2019\08-08-2019 (US holiday)\US chat\jared.turck_20190901\photos\201907
22202880,D:/OneDrive/Pictures\2021\June\Screenshots
22023607,D:/OneDrive/Pictures\2021\Feburary\phoneback replace\WhatsApp\Media\WhatsApp Images
21902897,D:/OneDrive/Pictures\HDD pictures\Bench Marks\Cinebench\CINEBENCHR15.038\CINEBENCH R15.038_RC184115\plugins\bench\ogl\tex
21855310,D:/OneDrive/Pictures\Instagram\jared.turck_20190901\stories\201908
21855310,D:/OneDrive/Pictures\HDD pictures\Instagram\jared.turck_20190901\stories\201908
21855310,D:/OneDrive/Pictures\2019\08-08-2019 (US holiday)\US chat\jared.turck_20190901\stories\201908
20980260,D:/OneDrive/Pictures\2021\Feburary\phoneback replace\Pictures\Screenshots
20966534,D:/OneDrive/Pictures\HDD pictures\Uplay\Fan_Kit\Headers\Facebook
20319562,D:/OneDrive/Pictures\HDD pictures\Bench Marks\Cinebench\CINEBENCHR15.038\CINEBENCH R15.038_RC184115\plugins\bench\cpu\tex
20232048,D:/OneDrive/Pictures\Instagram\jared.turck_20190901\stories\201903
20232048,D:/OneDrive/Pictures\HDD pictures\Instagram\jared.turck_20190901\stories\201903
20232048,D:/OneDrive/Pictures\2019\08-08-2019 (US holiday)\US chat\jared.turck_20190901\stories\201903
20201594,D:/OneDrive/Pictures\2019\01-12-2019\Screenshots
19731129,D:/OneDrive/Pictures\Instagram\jared.turck_20190901\stories\201902
19731129,D:/OneDrive/Pictures\HDD pictures\Instagram\jared.turck_20190901\stories\201902
19731129,D:/OneDrive/Pictures\2019\08-08-2019 (US holiday)\US chat\jared.turck_20190901\stories\201902
19197127,D:/OneDrive/Pictures\Screenshots\312660\screenshots
19182473,D:/OneDrive/Pictures\HDD pictures\photoshop\mom
19171922,D:/OneDrive/Pictures\HDD pictures\Bench Marks\Cinebench\CINEBENCHR15.038\CINEBENCH R15.038_RC184115\resource\schemes\CB
19013065,D:/OneDrive/Pictures\HDD pictures\Bench Marks\Cinebench\CinebenchR20\resource\modules\c4dplugin\schemes\CB
18891086,D:/OneDrive/Pictures\HDD pictures\shared media
18576728,D:/OneDrive/Pictures\2020\August\Download
18563343,D:/OneDrive/Pictures\2020\Febuary\.thumbnails
16893831,D:/OneDrive/Pictures\2020\July\WhatsApp Images\Sent
15737083,D:/OneDrive/Pictures\2020\August\WhatsApp Images
15320354,D:/OneDrive/Pictures\2021\Feburary\phoneback replace\DCIM\Camera
15246054,D:/OneDrive/Pictures\HDD pictures\Uplay\Fan_Kit\Profile Pictures
13853683,D:/OneDrive/Pictures\Instagram\jared.turck_20190901\direct\201904
13853683,D:/OneDrive/Pictures\HDD pictures\Instagram\jared.turck_20190901\direct\201904
13853683,D:/OneDrive/Pictures\2019\08-08-2019 (US holiday)\US chat\jared.turck_20190901\direct\201904
13563519,D:/OneDrive/Pictures\2021\January\.thumbnails
13392152,D:/OneDrive/Pictures\HDD pictures\Bench Marks\Cinebench\CinebenchR20\resource\libs\win64
13160368,D:/OneDrive/Pictures\HDD pictures\Uplay\Fan_Kit\Headers\Twitter
13159390,D:/OneDrive/Pictures\2020\October\.thumbnails
13026907,D:/OneDrive/Pictures\Instagram\jared.turck_20190901\photos\201908
13026907,D:/OneDrive/Pictures\HDD pictures\Instagram\jared.turck_20190901\photos\201908
13026907,D:/OneDrive/Pictures\2019\08-08-2019 (US holiday)\US chat\jared.turck_20190901\photos\201908
12741880,D:/OneDrive/Pictures\HDD pictures\Bench Marks\Cinebench\CinebenchR20
12475449,D:/OneDrive/Pictures\2019\24-08-2019 (Majorca)\Screenshots\Instagram
11814613,D:/OneDrive/Pictures\HDD pictures\Bench Marks\Blender
11684588,D:/OneDrive/Pictures\HDD pictures\Bench Marks\Cinebench\CINEBENCHR15.038\CINEBENCH R15.038_RC184115\plugins\bench\cpu
11243924,D:/OneDrive/Pictures\2020\October\WhatsApp Images
10901834,D:/OneDrive/Pictures\Instagram\jared.turck_20190901\photos\201906
10901834,D:/OneDrive/Pictures\HDD pictures\Instagram\jared.turck_20190901\photos\201906
10901834,D:/OneDrive/Pictures\2019\08-08-2019 (US holiday)\US chat\jared.turck_20190901\photos\201906
10748442,D:/OneDrive/Pictures\HDD pictures\Photos\computer
10631477,D:/OneDrive/Pictures\2020\P900\July\good
10485928,D:/OneDrive/Pictures\Instagram\jared.turck_20190901\stories\201905
10485928,D:/OneDrive/Pictures\HDD pictures\Instagram\jared.turck_20190901\stories\201905
10485928,D:/OneDrive/Pictures\2019\08-08-2019 (US holiday)\US chat\jared.turck_20190901\stories\201905
10312135,D:/OneDrive/Pictures\Screenshots\11230214167577231360\screenshots
10270005,D:/OneDrive/Pictures\Uplay\Watch Dogs  Legion
10020381,D:/OneDrive/Pictures\Screenshots\532210\screenshots
9984087,D:/OneDrive/Pictures\Instagram\jared.turck_20190901\photos\201904
9984087,D:/OneDrive/Pictures\HDD pictures\Instagram\jared.turck_20190901\photos\201904
9984087,D:/OneDrive/Pictures\2019\08-08-2019 (US holiday)\US chat\jared.turck_20190901\photos\201904
9957977,D:/OneDrive/Pictures\HDD pictures\Bench Marks
9877102,D:/OneDrive/Pictures\Uplay\Far Cry® Primal
9852346,D:/OneDrive/Pictures\Screenshots\760\remote\371660\screenshots
9742848,D:/OneDrive/Pictures\HDD pictures\Bench Marks\Cinebench\CINEBENCHR15.038\CINEBENCH R15.038_RC184115\resource\libs\win64
9733225,D:/OneDrive/Pictures\HDD pictures\Uplay\Assassin's Creed® Syndicate
9585787,D:/OneDrive/Pictures\HDD pictures\Uplay\STEEP Steam
9456463,D:/OneDrive/Pictures\Screenshots\760\remote\730\screenshots\thumbnails
8846227,D:/OneDrive/Pictures\HDD pictures\photoshop\dad
8779261,D:/OneDrive/Pictures\2021\Feburary\phoneback replace\Pictures\.thumbnails
8759560,D:/OneDrive/Pictures\HDD pictures\Photos\l4d2\Zoey
7981157,D:/OneDrive/Pictures\Screenshots\730\screenshots\thumbnails
7604278,D:/OneDrive/Pictures\2020\March\WhatsApp Images
7201976,D:/OneDrive/Pictures\2021\Feburary\phoneback replace\Nikon_WU\Card\D16092020_001\100NIKON
7176825,D:/OneDrive/Pictures\HDD pictures\Bench Marks\Cinebench\CinebenchR20\resource\modules\c4dplugin\icons
6813158,D:/OneDrive/Pictures\Instagram\jared.turck_20190901\direct\201903
6813158,D:/OneDrive/Pictures\HDD pictures\Instagram\jared.turck_20190901\direct\201903
6813158,D:/OneDrive/Pictures\2019\08-08-2019 (US holiday)\US chat\jared.turck_20190901\direct\201903
6638695,D:/OneDrive/Pictures\Instagram\Screenshots
6638695,D:/OneDrive/Pictures\HDD pictures\Instagram\Screenshots
6560536,D:/OneDrive/Pictures\Instagram\jared.turck_20190901\stories\201907
6560536,D:/OneDrive/Pictures\HDD pictures\Instagram\jared.turck_20190901\stories\201907
6560536,D:/OneDrive/Pictures\2019\08-08-2019 (US holiday)\US chat\jared.turck_20190901\stories\201907
6558161,D:/OneDrive/Pictures\Screenshots\447040\screenshots\thumbnails
6545159,D:/OneDrive/Pictures\Screenshots\1463120\screenshots
6409776,D:/OneDrive/Pictures\2020\August\.thumbnails
6236772,D:/OneDrive/Pictures\HDD pictures\downloads
6056889,D:/OneDrive/Pictures\Screenshots\870780\screenshots
6002523,D:/OneDrive/Pictures\HDD pictures\Uplay\Assassin's Creed® Odyssey
5999914,D:/OneDrive/Pictures\HDD pictures\Uplay\Tom Clancy's Rainbow Six® Siege
5995995,D:/OneDrive/Pictures\Screenshots\550\screenshots
5873518,D:/OneDrive/Pictures\2020\Febuary\Screenshots
5652482,D:/OneDrive/Pictures\2021\Feburary\phoneback replace\Movies\cyberlink\ActionDirector
5641933,D:/OneDrive/Pictures\Instagram\jared.turck_20190901\photos\201903
5641933,D:/OneDrive/Pictures\HDD pictures\Instagram\jared.turck_20190901\photos\201903
5641933,D:/OneDrive/Pictures\2019\08-08-2019 (US holiday)\US chat\jared.turck_20190901\photos\201903
5551856,D:/OneDrive/Pictures\Screenshots\760\remote\550\screenshots
5500954,D:/OneDrive/Pictures\2019\01-12-2019\WhatsApp\Media\WhatsApp Documents
5335093,D:/OneDrive/Pictures\Instagram\jared.turck_20190901\videos\201902
5335093,D:/OneDrive/Pictures\HDD pictures\Instagram\jared.turck_20190901\videos\201902
5335093,D:/OneDrive/Pictures\2019\08-08-2019 (US holiday)\US chat\jared.turck_20190901\videos\201902
5292357,D:/OneDrive/Pictures\HDD pictures\gran
5103846,D:/OneDrive/Pictures\HDD pictures\Bench Marks\Cinebench\CINEBENCHR15.038\CINEBENCH R15.038_RC184115\resource\icons
5096819,D:/OneDrive/Pictures\Screenshots\760\remote\812140\screenshots\thumbnails
5072776,D:/OneDrive/Pictures\HDD pictures\Bench Marks\Cinebench\CINEBENCHR15.038\CINEBENCH R15.038_RC184115\resource\modules\newman
5061471,D:/OneDrive/Pictures\2020\July\.thumbnails
5018504,D:/OneDrive/Pictures\HDD pictures\Bench Marks\Cinebench\CINEBENCHR15.038\CINEBENCH R15.038_RC184115\resource\modules\modeling
5016439,D:/OneDrive/Pictures\Screenshots\1091500\screenshots
4563500,D:/OneDrive/Pictures\Instagram\jared.turck_20190901
4563500,D:/OneDrive/Pictures\HDD pictures\Instagram\jared.turck_20190901
4563500,D:/OneDrive/Pictures\2019\08-08-2019 (US holiday)\US chat\jared.turck_20190901
4429621,D:/OneDrive/Pictures\Screenshots\440\screenshots
4372560,D:/OneDrive/Pictures\2019\08-08-2019 (US holiday)\US photos collection
4344680,D:/OneDrive/Pictures\HDD pictures\Uplay\Tom Clancy's The Division™
4234968,D:/OneDrive/Pictures\HDD pictures\Bench Marks\Cinebench\CINEBENCHR15.038\CINEBENCH R15.038_RC184115\resource\modules\xtensions\preview_scenes
4036461,D:/OneDrive/Pictures\2021\Feburary\phoneback replace\Huawei\Themes\.cache\CaribbeanBeach.hwt\preview
4017385,D:/OneDrive/Pictures\2019\01-12-2019\Nikon_WU\Card\D05102019_001\100NIKON
3927091,D:/OneDrive/Pictures\Screenshots\760\remote\582160\screenshots\thumbnails
3817646,D:/OneDrive/Pictures\Screenshots\760\remote\750920\screenshots
3813377,D:/OneDrive/Pictures\Instagram\jared.turck_20190901\videos\201809
3813377,D:/OneDrive/Pictures\HDD pictures\Instagram\jared.turck_20190901\videos\201809
3813377,D:/OneDrive/Pictures\2019\08-08-2019 (US holiday)\US chat\jared.turck_20190901\videos\201809
3755836,D:/OneDrive/Pictures\Screenshots\552520\screenshots\thumbnails
3737480,D:/OneDrive/Pictures\HDD pictures\Bench Marks\Cinebench\CINEBENCHR15.038\CINEBENCH R15.038_RC184115\resource\modules\objects
3607332,D:/OneDrive/Pictures\2019\01-12-2019\Nikon_WU\Card\D18112019_001\100NIKON
3466152,D:/OneDrive/Pictures\2019\01-12-2019\Nikon_WU\.Cache\Transfer
3444530,D:/OneDrive/Pictures\2021\Feburary\phoneback replace\WhatsApp\Media\WhatsApp Documents
3407098,D:/OneDrive/Pictures\Instagram\jared.turck_20190901\photos\201905
3407098,D:/OneDrive/Pictures\HDD pictures\Instagram\jared.turck_20190901\photos\201905
3407098,D:/OneDrive/Pictures\2019\08-08-2019 (US holiday)\US chat\jared.turck_20190901\photos\201905
3386777,D:/OneDrive/Pictures\2019\01-12-2019\Nikon_WU\Card\D16102019_001\100NIKON
3353858,D:/OneDrive/Pictures\Instagram\jared.turck_20190901\stories\201906
3353858,D:/OneDrive/Pictures\HDD pictures\Instagram\jared.turck_20190901\stories\201906
3353858,D:/OneDrive/Pictures\2019\08-08-2019 (US holiday)\US chat\jared.turck_20190901\stories\201906
3201866,D:/OneDrive/Pictures\2019\01-12-2019\Nikon_WU\Capture\C30092019_001
3178429,D:/OneDrive/Pictures\2021\Feburary\phoneback replace\InstaDownload\Images
3130122,D:/OneDrive/Pictures\Instagram\jared.turck_20190901\direct\201902
3130122,D:/OneDrive/Pictures\HDD pictures\Instagram\jared.turck_20190901\direct\201902
3130122,D:/OneDrive/Pictures\2019\08-08-2019 (US holiday)\US chat\jared.turck_20190901\direct\201902
3091336,D:/OneDrive/Pictures\HDD pictures\Bench Marks\Cinebench\CINEBENCHR15.038\CINEBENCH R15.038_RC184115\resource\modules\xtensions
3062610,D:/OneDrive/Pictures\2021\Feburary\phoneback replace\Huawei\Themes\.cache\Rainbow.hwt\preview
3038366,D:/OneDrive/Pictures\2021\Feburary\phoneback replace\Huawei\Themes\.cache\Flowers.hwt\preview
3029950,D:/OneDrive/Pictures\Instagram\jared.turck_20190901\photos\201803
3029950,D:/OneDrive/Pictures\HDD pictures\Instagram\jared.turck_20190901\photos\201803
3029950,D:/OneDrive/Pictures\2019\08-08-2019 (US holiday)\US chat\jared.turck_20190901\photos\201803
3008191,D:/OneDrive/Pictures\2020\June-July\.thumbnails
2976693,D:/OneDrive/Pictures\HDD pictures\Bench Marks\Cinebench\CinebenchR20\resource\modules\shadernodes.module
2936086,D:/OneDrive/Pictures\HDD pictures\Bench Marks\3dmark results
2848701,D:/OneDrive/Pictures\2021\Feburary\phoneback replace\Huawei\Themes\.cache\Pearl.hwt\preview
2832473,D:/OneDrive/Pictures\2020\August\WhatsApp Images\Sent
2832070,D:/OneDrive/Pictures\2021\Feburary\phoneback replace\Huawei\Themes\.cache\Firefly.hwt\wallpaper
2813832,D:/OneDrive/Pictures\HDD pictures\Bench Marks\Cinebench\CINEBENCHR15.038\CINEBENCH R15.038_RC184115\modules\mograph
2707561,D:/OneDrive/Pictures\2021\Feburary\phoneback replace\Huawei\Themes\.cache\Ripple10.hwt\preview
2615184,D:/OneDrive/Pictures\Instagram\jared.turck_20190901\stories\201904
2615184,D:/OneDrive/Pictures\HDD pictures\Instagram\jared.turck_20190901\stories\201904
2615184,D:/OneDrive/Pictures\2019\08-08-2019 (US holiday)\US chat\jared.turck_20190901\stories\201904
2611871,D:/OneDrive/Pictures\2019\01-12-2019\Nikon_WU\Capture\C29092019_001
2602192,D:/OneDrive/Pictures\2019\08-08-2019 (US holiday)\US chat
2598035,D:/OneDrive/Pictures\2019\01-12-2019\Nikon_WU\Card\D29092019_001\100NIKON
2530075,D:/OneDrive/Pictures\2019\15-09-2019 (helicopter ride)\Layout
2523565,D:/OneDrive/Pictures\2021\Feburary\phoneback replace\Huawei\Themes\.cache\Sweet.hwt\wallpaper
2517460,D:/OneDrive/Pictures\HDD pictures\Bench Marks\Cinebench\CINEBENCHR15.038\CINEBENCH R15.038_RC184115\resource\modules\onlineupdater\res
2496515,D:/OneDrive/Pictures\2020\March\WhatsApp Images\Sent
2495296,D:/OneDrive/Pictures\2020\September\cache\latest
2495296,D:/OneDrive/Pictures\2020\August\cache\latest
2480824,D:/OneDrive/Pictures\HDD pictures\minecraft
2464626,D:/OneDrive/Pictures\2021\Feburary\phoneback replace\Huawei\Themes\.cache\Watercolor.hwt\wallpaper
2459616,D:/OneDrive/Pictures\2021\Feburary\phoneback replace\WhatsApp\Media\WhatsApp Audio\Sent
2433460,D:/OneDrive/Pictures
2367013,D:/OneDrive/Pictures\2021\Feburary\phoneback replace\Huawei\Themes\.cache\Rose.hwt\preview
2365087,D:/OneDrive/Pictures\2019\01-12-2019\Nikon_WU\.Cache\Image
2357640,D:/OneDrive/Pictures\HDD pictures\Bench Marks\Cinebench\CINEBENCHR15.038\CINEBENCH R15.038_RC184115\modules\advanced render\sky
2333401,D:/OneDrive/Pictures\Uplay\Far Cry® New Dawn
2286506,D:/OneDrive/Pictures\2021\Feburary\phoneback replace\Huawei\Themes\.cache\Pearl.hwt\wallpaper
2250120,D:/OneDrive/Pictures\HDD pictures\Bench Marks\Cinebench\CINEBENCHR15.038\CINEBENCH R15.038_RC184115\resource\modules\sla
2249073,D:/OneDrive/Pictures\Screenshots\760\remote\12419681329862410240\screenshots
2241525,D:/OneDrive/Pictures\Uplay\Discovery Tour  Ancient Greece by Ubisoft
2234228,D:/OneDrive/Pictures\2021\Feburary\phoneback replace\Huawei\Themes\.cache\Watercolor.hwt\preview
2193808,D:/OneDrive/Pictures\Screenshots\760\remote\1222700\screenshots\thumbnails
2187179,D:/OneDrive/Pictures\2021\Feburary\phoneback replace\Huawei\Themes\.cache\Rainbow.hwt\wallpaper
2185056,D:/OneDrive/Pictures\HDD pictures\Lightroom\Lightroom Catalog Previews.lrdata\A\A606
2155648,D:/OneDrive/Pictures\HDD pictures\Bench Marks\Cinebench\CinebenchR20\resource\modules\ca2\visualselector
2141561,D:/OneDrive/Pictures\2021\Feburary\phoneback replace\Huawei\Themes\.cache\CaribbeanBeach.hwt\wallpaper
2134212,D:/OneDrive/Pictures\2021\Feburary\phoneback replace\Movies\.thumbnails
2127971,D:/OneDrive/Pictures\2021\Feburary\phoneback replace\Huawei\Themes\.cache\Firefly.hwt\preview
2110688,D:/OneDrive/Pictures\2019\01-12-2019\cache\latest
2094159,D:/OneDrive/Pictures\2021\Feburary\phoneback replace\Huawei\Themes\.cache\Flowers.hwt\wallpaper
2071003,D:/OneDrive/Pictures\2021\Feburary\phoneback replace\Huawei\Themes\.cache\Venus.hwt\wallpaper
2047774,D:/OneDrive/Pictures\Screenshots\939960\screenshots
1997094,D:/OneDrive/Pictures\HDD pictures\documents
1969011,D:/OneDrive/Pictures\Instagram\jared.turck_20190901\videos\201906
1969011,D:/OneDrive/Pictures\HDD pictures\Instagram\jared.turck_20190901\videos\201906
1969011,D:/OneDrive/Pictures\2019\08-08-2019 (US holiday)\US chat\jared.turck_20190901\videos\201906
1928584,D:/OneDrive/Pictures\HDD pictures\Bench Marks\Cinebench\CINEBENCHR15.038\CINEBENCH R15.038_RC184115\resource\modules\onlineupdater
1926010,D:/OneDrive/Pictures\HDD pictures\Bench Marks\Cinebench\CinebenchR20\resource
1888829,D:/OneDrive/Pictures\2020\October\.Gallery2\recycle\bins\0
1886856,D:/OneDrive/Pictures\2021\Feburary\phoneback replace\Huawei\Themes\.cache\Rose.hwt\wallpaper
1871472,D:/OneDrive/Pictures\2020\March\cache\latest
1858752,D:/OneDrive/Pictures\2021\Feburary\phoneback replace\Huawei\Themes\.cache\Paradise.hwt\preview
1824984,D:/OneDrive/Pictures\2021\Feburary\phoneback replace\Huawei\Themes\.cache\Venus.hwt\preview
1784274,D:/OneDrive/Pictures\Screenshots\1096910\screenshots
1749583,D:/OneDrive/Pictures\2019\01-12-2019\Nikon_WU\Capture\C18112019_001
1740224,D:/OneDrive/Pictures\Screenshots\760\remote\440\screenshots
1730952,D:/OneDrive/Pictures\HDD pictures\Bench Marks\Cinebench\CINEBENCHR15.038\CINEBENCH R15.038_RC184115\modules\advanced render\advanced render
1684871,D:/OneDrive/Pictures\HDD pictures\screenshots
1667072,D:/OneDrive/Pictures\HDD pictures\Lightroom
1655954,D:/OneDrive/Pictures\2021\Feburary\phoneback replace\Huawei\Themes\.cache\Firework.hwt\preview
1641504,D:/OneDrive/Pictures\Screenshots\1222700\screenshots
1640040,D:/OneDrive/Pictures\HDD pictures\Bench Marks\Cinebench\CinebenchR20\resource\modules\browser\icons
1635662,D:/OneDrive/Pictures\2021\Feburary\phoneback replace\Huawei\Themes\.cache\Firework.hwt\wallpaper
1626642,D:/OneDrive/Pictures\Screenshots\18408063881743171584\screenshots\thumbnails
1621641,D:/OneDrive/Pictures\2021\Feburary\phoneback replace\Huawei\Themes\.cache\Sweet.hwt\preview
1606176,D:/OneDrive/Pictures\2021\Feburary\phoneback replace\Huawei\Themes\.cache\Golden.hwt\preview
1543485,D:/OneDrive/Pictures\2021\Feburary\phoneback replace\Huawei\Themes\.cache\Speedway.hwt\preview
1494606,D:/OneDrive/Pictures\HDD pictures\photoshop\Photoshop projects
1482752,D:/OneDrive/Pictures\HDD pictures\Bench Marks\Cinebench\CINEBENCHR15.038\CINEBENCH R15.038_RC184115\resource\libs\win32
1475490,D:/OneDrive/Pictures\HDD pictures\Bench Marks\Cinebench\CINEBENCHR15.038\CINEBENCH R15.038_RC184115\resource\_api
1457424,D:/OneDrive/Pictures\2021\Feburary\phoneback replace\Huawei\Themes\.cache\Craftsman.hwt\preview
1439978,D:/OneDrive/Pictures\2020\June-July\Instagram
1428351,D:/OneDrive/Pictures\Instagram\jared.turck_20190901\direct\201906
1428351,D:/OneDrive/Pictures\HDD pictures\Instagram\jared.turck_20190901\direct\201906
1428351,D:/OneDrive/Pictures\2019\08-08-2019 (US holiday)\US chat\jared.turck_20190901\direct\201906
1410272,D:/OneDrive/Pictures\2020\October\cache\latest
1384718,D:/OneDrive/Pictures\2021\Feburary\phoneback replace\Huawei\Themes\.cache\Paradise.hwt\wallpaper
1351864,D:/OneDrive/Pictures\2019\16-06-2019\Layout
1328438,D:/OneDrive/Pictures\Uplay\Assassin's Creed® Unity
1328199,D:/OneDrive/Pictures\Screenshots\760\remote\289650\screenshots
1317638,D:/OneDrive/Pictures\HDD pictures\VRChat
1294112,D:/OneDrive/Pictures\Screenshots\760\remote\548570\screenshots
1285882,D:/OneDrive/Pictures\2021\Feburary\phoneback replace\WhatsApp\Databases
1263959,D:/OneDrive/Pictures\Instagram\jared.turck_20190901\photos\201902
1263959,D:/OneDrive/Pictures\HDD pictures\Instagram\jared.turck_20190901\photos\201902
1263959,D:/OneDrive/Pictures\2019\08-08-2019 (US holiday)\US chat\jared.turck_20190901\photos\201902
1247648,D:/OneDrive/Pictures\2020\July\cache\latest
1242528,D:/OneDrive/Pictures\Screenshots\12429510396879044608\screenshots\thumbnails
1241280,D:/OneDrive/Pictures\2020\Febuary\cache\latest
1143503,D:/OneDrive/Pictures\Screenshots\760\remote\240\screenshots
1095989,D:/OneDrive/Pictures\HDD pictures\Uplay\Assassin's Creed® Revelations
1090935,D:/OneDrive/Pictures\2020\October\WhatsApp Images\Sent
1045950,D:/OneDrive/Pictures\Screenshots\760\remote\271590\screenshots
1039240,D:/OneDrive/Pictures\HDD pictures\Bench Marks\Cinebench\CINEBENCHR15.038\CINEBENCH R15.038_RC184115\resource\modules\gv\graphviewcore
1029901,D:/OneDrive/Pictures\2020\July\cache
1019253,D:/OneDrive/Pictures\Screenshots\240\screenshots
997256,D:/OneDrive/Pictures\HDD pictures\Bench Marks\Cinebench\CINEBENCHR15.038\CINEBENCH R15.038_RC184115\resource\modules\shader
984968,D:/OneDrive/Pictures\HDD pictures\Bench Marks\Cinebench\CINEBENCHR15.038\CINEBENCH R15.038_RC184115\resource\modules\gv\expressiontag
982073,D:/OneDrive/Pictures\HDD pictures\Bench Marks\Cinebench\CINEBENCHR15.038\CINEBENCH R15.038_RC184115\resource\bmp
973612,D:/OneDrive/Pictures\Screenshots\863550\screenshots
960021,D:/OneDrive/Pictures\2019\maps
958854,D:/OneDrive/Pictures\2021\Feburary\phoneback replace\Sounds
957908,D:/OneDrive/Pictures\Screenshots\222880\screenshots
903671,D:/OneDrive/Pictures\2021\Feburary\phoneback replace\qpython\cache\pip\http\b\3\0\2\5
900727,D:/OneDrive/Pictures\Instagram\jared.turck_20190901\videos\201904
900727,D:/OneDrive/Pictures\HDD pictures\Instagram\jared.turck_20190901\videos\201904
900727,D:/OneDrive/Pictures\2019\08-08-2019 (US holiday)\US chat\jared.turck_20190901\videos\201904
886949,D:/OneDrive/Pictures\HDD pictures\Bench Marks\Cinebench\CINEBENCHR15.038\CINEBENCH R15.038_RC184115\resource\_api\c4d_libs
883277,D:/OneDrive/Pictures\Screenshots\760\remote\412020\screenshots
822127,D:/OneDrive/Pictures\HDD pictures\Bench Marks\Cinebench\CinebenchR20\resource\modules\c4dplugin\ibl_tables
816101,D:/OneDrive/Pictures\Screenshots\570\screenshots
810126,D:/OneDrive/Pictures\2021\Feburary\phoneback replace\Pictures\.Gallery2\recycle\bins\0
800681,D:/OneDrive/Pictures\HDD pictures\Bench Marks\Cinebench\CinebenchR20\resource\modules\nodes_corenodes.module
786448,D:/OneDrive/Pictures\2019\15-09-2019 (helicopter ride)\cache\latest
786355,D:/OneDrive/Pictures\Screenshots\1174180\screenshots
722515,D:/OneDrive/Pictures\Screenshots\312660\screenshots\thumbnails
702982,D:/OneDrive/Pictures\2021\Feburary\phoneback replace\Huawei\Themes\.cache\Golden.hwt\wallpaper
671576,D:/OneDrive/Pictures\Screenshots\616560\screenshots
651603,D:/OneDrive/Pictures\2021\May\WhatsApp Images\Sent
648048,D:/OneDrive/Pictures\2021\Feburary\phoneback replace\Huawei\Themes\.cache\HWFont.hwt\fonts
643876,D:/OneDrive/Pictures\2021\Feburary\phoneback replace\Huawei\Themes\.cache\Speedway.hwt\wallpaper
623824,D:/OneDrive/Pictures\2021\January\cache\latest
623824,D:/OneDrive/Pictures\2021\Feburary\phoneback replace\DCIM\Camera\cache\latest
623824,D:/OneDrive/Pictures\2021\Feburary\cache\latest
623824,D:/OneDrive/Pictures\2020\June-July\cache\latest
623824,D:/OneDrive/Pictures\2020\23-01-2020\cache\latest
623824,D:/OneDrive/Pictures\2020\15-01-2020\cache\latest
623824,D:/OneDrive/Pictures\2019\24-08-2019 (Majorca)\cache\latest
610662,D:/OneDrive/Pictures\Screenshots\760\remote\340\screenshots
598850,D:/OneDrive/Pictures\Screenshots\760
591949,D:/OneDrive/Pictures\2021\Feburary\phoneback replace\Nikon_WU\.Cache\Thumbnail
588589,D:/OneDrive/Pictures\Screenshots\760\remote\550\screenshots\thumbnails
577370,D:/OneDrive/Pictures\Screenshots\1463120\screenshots\thumbnails
577182,D:/OneDrive/Pictures\Screenshots\582160\screenshots
559907,D:/OneDrive/Pictures\2021\Feburary\phoneback replace\Huawei\Themes\.cache\Ripple10.hwt\wallpaper
559248,D:/OneDrive/Pictures\Saved Pictures
551139,D:/OneDrive/Pictures\HDD pictures\Bench Marks\Cinebench\CinebenchR20\resource\modules\c4dplugin
542908,D:/OneDrive/Pictures\HDD pictures\Uplay\For Honor
537431,D:/OneDrive/Pictures\HDD pictures\Bench Marks\Cinebench\CinebenchR20\resource\modules\misc.module
534071,D:/OneDrive/Pictures\Screenshots\532210\screenshots\thumbnails
491996,D:/OneDrive/Pictures\HDD pictures\Bench Marks\Cinebench\CINEBENCHR15.038\CINEBENCH R15.038_RC184115\resource
474109,D:/OneDrive/Pictures\HDD pictures\Bench Marks\Cinebench\CINEBENCHR15.038\CINEBENCH R15.038_RC184115\resource\modules\newman\res
464587,D:/OneDrive/Pictures\Screenshots\760\remote\391220\screenshots
454107,D:/OneDrive/Pictures\2021\Feburary\phoneback replace\Huawei\CloudDrive\.thumbnail\category
452080,D:/OneDrive/Pictures\HDD pictures\Bench Marks\Cinebench\CINEBENCHR15.038\CINEBENCH R15.038_RC184115\resource\res
448084,D:/OneDrive/Pictures\Screenshots\311210\screenshots
431280,D:/OneDrive/Pictures\HDD pictures\Bench Marks\Cinebench\CinebenchR20\resource\modules\image.module
426405,D:/OneDrive/Pictures\Screenshots\550\screenshots\thumbnails
424205,D:/OneDrive/Pictures\HDD pictures\Bench Marks\Cinebench\CinebenchR20\resource\modules\newman
398182,D:/OneDrive/Pictures\Screenshots\11230214167577231360\screenshots\thumbnails
389754,D:/OneDrive/Pictures\HDD pictures\Photos\logos
377851,D:/OneDrive/Pictures\Instagram\jared.turck_20190901\videos\201807
377851,D:/OneDrive/Pictures\HDD pictures\Instagram\jared.turck_20190901\videos\201807
377851,D:/OneDrive/Pictures\2019\08-08-2019 (US holiday)\US chat\jared.turck_20190901\videos\201807
371728,D:/OneDrive/Pictures\2019\08-08-2019 (US holiday)\cache\latest
366008,D:/OneDrive/Pictures\Instagram\jared.turck_20190901\photos\201804
366008,D:/OneDrive/Pictures\HDD pictures\Instagram\jared.turck_20190901\photos\201804
366008,D:/OneDrive/Pictures\2019\08-08-2019 (US holiday)\US chat\jared.turck_20190901\photos\201804
363786,D:/OneDrive/Pictures\Screenshots\1097840\screenshots
359603,D:/OneDrive/Pictures\2019\01-12-2019\WhatsApp\Backups
347626,D:/OneDrive/Pictures\Screenshots\225540\screenshots
347234,D:/OneDrive/Pictures\Instagram\jared.turck_20190901\photos\201807
347234,D:/OneDrive/Pictures\HDD pictures\Instagram\jared.turck_20190901\photos\201807
347234,D:/OneDrive/Pictures\2019\08-08-2019 (US holiday)\US chat\jared.turck_20190901\photos\201807
342293,D:/OneDrive/Pictures\Screenshots\440\screenshots\thumbnails
317819,D:/OneDrive/Pictures\HDD pictures\Photos\amd benchmarks
309637,D:/OneDrive/Pictures\2021\April\Instagram
304881,D:/OneDrive/Pictures\HDD pictures\Bench Marks\Cinebench\CinebenchR20\resource\modules\nbp
299899,D:/OneDrive/Pictures\Screenshots\760\remote\371660\screenshots\thumbnails
297153,D:/OneDrive/Pictures\Screenshots\760\remote\939960\screenshots
294043,D:/OneDrive/Pictures\Screenshots\760\remote\403640\screenshots
287286,D:/OneDrive/Pictures\Instagram\jared.turck_20190901\photos\201901
287286,D:/OneDrive/Pictures\HDD pictures\Instagram\jared.turck_20190901\photos\201901
287286,D:/OneDrive/Pictures\2019\08-08-2019 (US holiday)\US chat\jared.turck_20190901\photos\201901
283831,D:/OneDrive/Pictures\2019\01-12-2019\Nikon_WU\.Cache\Thumbnail
282931,D:/OneDrive/Pictures\HDD pictures\Bench Marks\Cinebench\CinebenchR20\resource\modules\c4dplugin\description
282821,D:/OneDrive/Pictures\HDD pictures\Bench Marks\Cinebench\CinebenchR20\resource\modules\ca\description
280920,D:/OneDrive/Pictures\HDD pictures\Bench Marks\Cinebench\CinebenchR20\resource\modules\c4dplugin\bmp
268996,D:/OneDrive/Pictures\HDD pictures\Bench Marks\Cinebench\CINEBENCHR15.038\CINEBENCH R15.038_RC184115\resource\_api\c4d_misc\datastructures
266948,D:/OneDrive/Pictures\HDD pictures\Photos\cat
264432,D:/OneDrive/Pictures\HDD pictures\Bench Marks\Cinebench\CinebenchR20\resource\modules\nodes.module
261548,D:/OneDrive/Pictures\Screenshots\1056960\screenshots
256643,D:/OneDrive/Pictures\HDD pictures\Bench Marks\Cinebench\CINEBENCHR15.038\CINEBENCH R15.038_RC184115\resource\_api\c4d_customgui
252691,D:/OneDrive/Pictures\HDD pictures\Bench Marks\Cinebench\CinebenchR20\resource\ssl
251397,D:/OneDrive/Pictures\HDD pictures\Bench Marks\Cinebench\CinebenchR20\resource\modules\hair
250474,D:/OneDrive/Pictures\Screenshots\460930\screenshots
249719,D:/OneDrive/Pictures\2020\Febuary\WhatsApp Images
249379,D:/OneDrive/Pictures\Uplay\Tom Clancy's Ghost Recon® Wildlands
248224,D:/OneDrive/Pictures\Screenshots\745\screenshots
239653,D:/OneDrive/Pictures\HDD pictures\Bench Marks\Cinebench\CINEBENCHR15.038\CINEBENCH R15.038_RC184115\resource\_api_lib\_api.xcodeproj
235953,D:/OneDrive/Pictures\Instagram\jared.turck_20190901\photos\201808
235953,D:/OneDrive/Pictures\HDD pictures\Instagram\jared.turck_20190901\photos\201808
235953,D:/OneDrive/Pictures\2019\08-08-2019 (US holiday)\US chat\jared.turck_20190901\photos\201808
230601,D:/OneDrive/Pictures\HDD pictures\Bench Marks\Cinebench\CINEBENCHR15.038\CINEBENCH R15.038_RC184115\resource\res\description
225060,D:/OneDrive/Pictures\2021\Feburary\phoneback replace\Huawei\Themes\.cache\Craftsman.hwt\wallpaper
221552,D:/OneDrive/Pictures\HDD pictures\Bench Marks\Cinebench\CinebenchR20\resource\modules\sla
220986,D:/OneDrive/Pictures\HDD pictures\Bench Marks\Cinebench\CINEBENCHR15.038\CINEBENCH R15.038_RC184115\resource\modules\sla\res
220011,D:/OneDrive/Pictures\Screenshots\870780\screenshots\thumbnails
210681,D:/OneDrive/Pictures\Instagram\jared.turck_20190901\direct\201901
210681,D:/OneDrive/Pictures\HDD pictures\Instagram\jared.turck_20190901\direct\201901
210681,D:/OneDrive/Pictures\2019\08-08-2019 (US holiday)\US chat\jared.turck_20190901\direct\201901
210438,D:/OneDrive/Pictures\Screenshots\1091500\screenshots\thumbnails
206050,D:/OneDrive/Pictures\Instagram\jared.turck_20190901\direct\201905
206050,D:/OneDrive/Pictures\HDD pictures\Instagram\jared.turck_20190901\direct\201905
206050,D:/OneDrive/Pictures\2019\08-08-2019 (US holiday)\US chat\jared.turck_20190901\direct\201905
181819,D:/OneDrive/Pictures\HDD pictures\downloads\Father's day card
181141,D:/OneDrive/Pictures\HDD pictures\Bench Marks\Cinebench\CinebenchR20\resource\modules\mograph\description
173829,D:/OneDrive/Pictures\HDD pictures\Bench Marks\Cinebench\CinebenchR20\resource\modules\sla\description
172525,D:/OneDrive/Pictures\HDD pictures\Bench Marks\Cinebench\CINEBENCHR15.038\CINEBENCH R15.038_RC184115\resource\modules\sla\res\description
171752,D:/OneDrive/Pictures\Screenshots\760\remote\745\screenshots
171211,D:/OneDrive/Pictures\HDD pictures\Bench Marks\Cinebench\CinebenchR20\resource\modules\xtensions
171184,D:/OneDrive/Pictures\HDD pictures\Bench Marks\Cinebench\CINEBENCHR15.038\CINEBENCH R15.038_RC184115\resource\html\graphics
169890,D:/OneDrive/Pictures\HDD pictures\Bench Marks\Cinebench\CinebenchR20\resource\modules\c4dplugin\strings_en-US
167637,D:/OneDrive/Pictures\HDD pictures\Bench Marks\Cinebench\CINEBENCHR15.038\CINEBENCH R15.038_RC184115\resource\_api\c4d_preview
166382,D:/OneDrive/Pictures\HDD pictures\Bench Marks\Cinebench\CinebenchR20\resource\modules\sky
166367,D:/OneDrive/Pictures\HDD pictures\Bench Marks\Cinebench\CINEBENCHR15.038\CINEBENCH R15.038_RC184115\modules\advanced render\sky\res
166272,D:/OneDrive/Pictures\HDD pictures\Bench Marks\Cinebench\CINEBENCHR15.038\CINEBENCH R15.038_RC184115\resource\_api\c4d_scaling
163992,D:/OneDrive/Pictures\Screenshots\760\remote\750920\screenshots\thumbnails
163147,D:/OneDrive/Pictures\2021\Feburary\phoneback replace\WhatsApp\Media\WhatsApp Images\Sent
159744,D:/OneDrive/Pictures\HDD pictures\Bench Marks\Cinebench\CinebenchR20\resource\modules\hair\description
151552,D:/OneDrive/Pictures\HDD pictures\Lightroom\Lightroom Catalog Previews.lrdata
148476,D:/OneDrive/Pictures\HDD pictures\Bench Marks\Cinebench\CINEBENCHR15.038\CINEBENCH R15.038_RC184115\resource\_api\c4d_gv
142647,D:/OneDrive/Pictures\HDD pictures\Bench Marks\Cinebench\CINEBENCHR15.038\CINEBENCH R15.038_RC184115\resource\modules\xtensions\res
139876,D:/OneDrive/Pictures\HDD pictures\Bench Marks\Cinebench\CINEBENCHR15.038\CINEBENCH R15.038_RC184115\resource\strings_us
138875,D:/OneDrive/Pictures\2021\Feburary\phoneback replace\WhatsApp\Media\.Statuses
128063,D:/OneDrive/Pictures\HDD pictures\Bench Marks\Cinebench\CinebenchR20\resource\modules\c4dplugin\strings_en-US\description
127149,D:/OneDrive/Pictures\2021\Feburary\phoneback replace\qpython\cache\pip\http\a\d\c\d\d
123795,D:/OneDrive/Pictures\Screenshots\760\remote\440\screenshots\thumbnails
123691,D:/OneDrive/Pictures\HDD pictures\Bench Marks\Cinebench\CinebenchR20\resource\modules\objects\description
116331,D:/OneDrive/Pictures\HDD pictures\Bench Marks\Cinebench\CinebenchR20\resource\modules\gui.module\osx
110870,D:/OneDrive/Pictures\HDD pictures\Bench Marks\Cinebench\CinebenchR20\resource\modules\cinebench
110863,D:/OneDrive/Pictures\HDD pictures\Bench Marks\Cinebench\CINEBENCHR15.038\CINEBENCH R15.038_RC184115\resource\_api_lib
109315,D:/OneDrive/Pictures\HDD pictures\hammer ideas
105349,D:/OneDrive/Pictures\HDD pictures\Bench Marks\Cinebench\CinebenchR20\resource\modules\model\description
105225,D:/OneDrive/Pictures\HDD pictures\Bench Marks\Cinebench\CinebenchR20\resource\modules\ca\strings_en-US\description
102546,D:/OneDrive/Pictures\HDD pictures\Bench Marks\Cinebench\CINEBENCHR15.038\CINEBENCH R15.038_RC184115\resource\strings_us\description
101078,D:/OneDrive/Pictures\HDD pictures\Bench Marks\Cinebench\CinebenchR20\resource\modules\newman\strings_en-US
98438,D:/OneDrive/Pictures\Instagram\jared.turck_20190901\profile\201803
98438,D:/OneDrive/Pictures\HDD pictures\Instagram\jared.turck_20190901\profile\201803
98438,D:/OneDrive/Pictures\2019\08-08-2019 (US holiday)\US chat\jared.turck_20190901\profile\201803
96802,D:/OneDrive/Pictures\HDD pictures\Bench Marks\Cinebench\CinebenchR20\resource\modules\c4dplugin\menus
94740,D:/OneDrive/Pictures\HDD pictures\Bench Marks\Cinebench\CINEBENCHR15.038\CINEBENCH R15.038_RC184115\resource\modules\objects\res\description
93588,D:/OneDrive/Pictures\HDD pictures\documents\123-domains
93233,D:/OneDrive/Pictures\HDD pictures\Bench Marks\Cinebench\CINEBENCHR15.038\CINEBENCH R15.038_RC184115\modules\mograph\res\description
90486,D:/OneDrive/Pictures\HDD pictures\Bench Marks\Cinebench\CinebenchR20\resource\modules\c4dplugin\dialogs
89715,D:/OneDrive/Pictures\HDD pictures\Bench Marks\Cinebench\CINEBENCHR15.038\CINEBENCH R15.038_RC184115\resource\res\dialogs
85976,D:/OneDrive/Pictures\HDD pictures\Bench Marks\Cinebench\CinebenchR20\resource\modules\xtensions\description
85637,D:/OneDrive/Pictures\HDD pictures\Photos\hackers L4D2
84574,D:/OneDrive/Pictures\HDD pictures\Bench Marks\Cinebench\CinebenchR20\resource\modules\sla\strings_en-US\description
84337,D:/OneDrive/Pictures\HDD pictures\Bench Marks\Cinebench\CINEBENCHR15.038\CINEBENCH R15.038_RC184115\resource\res\menus
84238,D:/OneDrive/Pictures\HDD pictures\Bench Marks\Cinebench\CINEBENCHR15.038\CINEBENCH R15.038_RC184115\plugins
83805,D:/OneDrive/Pictures\HDD pictures\Bench Marks\Cinebench\CINEBENCHR15.038\CINEBENCH R15.038_RC184115\resource\modules\sla\res\strings_us\description
83087,D:/OneDrive/Pictures\HDD pictures\Bench Marks\Cinebench\CINEBENCHR15.038\CINEBENCH R15.038_RC184115\resource\modules\newman\res\strings_us
79187,D:/OneDrive/Pictures\Screenshots\760\remote\12419681329862410240\screenshots\thumbnails
75393,D:/OneDrive/Pictures\HDD pictures\Bench Marks\Cinebench\CinebenchR20\resource\modules\mograph\strings_en-US\description
74631,D:/OneDrive/Pictures\HDD pictures\Bench Marks\Cinebench\CINEBENCHR15.038\CINEBENCH R15.038_RC184115\resource\modules\modeling\res\description
74020,D:/OneDrive/Pictures\HDD pictures\Bench Marks\Cinebench\CinebenchR20\resource\modules\advanced render\description
73899,D:/OneDrive/Pictures\HDD pictures\Bench Marks\Cinebench\CINEBENCHR15.038\CINEBENCH R15.038_RC184115\modules\advanced render\advanced render\res\description
72862,D:/OneDrive/Pictures\2021\Feburary\phoneback replace\qpython\lib\python3.6\config-3.6m
67127,D:/OneDrive/Pictures\Screenshots\1222700\screenshots\thumbnails
66831,D:/OneDrive/Pictures\Screenshots\939960\screenshots\thumbnails
65373,D:/OneDrive/Pictures\HDD pictures\screenshots\Youtube
65006,D:/OneDrive/Pictures\Screenshots\340\screenshots
64872,D:/OneDrive/Pictures\HDD pictures\Bench Marks\Cinebench\CinebenchR20\resource\modules\shader\description
63299,D:/OneDrive/Pictures\HDD pictures\Bench Marks\Cinebench\CinebenchR20\resource\modules\mvp
62563,D:/OneDrive/Pictures\HDD pictures\Bench Marks\Cinebench\CinebenchR20\resource\modules\hair\strings_en-US\description
60922,D:/OneDrive/Pictures\Screenshots\1096910\screenshots\thumbnails
59617,D:/OneDrive/Pictures\HDD pictures\Bench Marks\Cinebench\CinebenchR20\resource\modules\expressiontag\description
59529,D:/OneDrive/Pictures\HDD pictures\Bench Marks\Cinebench\CINEBENCHR15.038\CINEBENCH R15.038_RC184115\resource\modules\xtensions\res\description
57034,D:/OneDrive/Pictures\HDD pictures\Bench Marks\Cinebench\CINEBENCHR15.038\CINEBENCH R15.038_RC184115\resource\modules\coffee
55540,D:/OneDrive/Pictures\HDD pictures\Bench Marks\Cinebench\CINEBENCHR15.038\CINEBENCH R15.038_RC184115\resource\modules\gv\expressiontag\res\description
54372,D:/OneDrive/Pictures\HDD pictures\Photos\csgo
54272,D:/OneDrive/Pictures\Screenshots\760\remote\548570\screenshots\thumbnails
51374,D:/OneDrive/Pictures\HDD pictures\Bench Marks\Cinebench\CinebenchR20\resource\modules\objects\strings_en-US\description
50109,D:/OneDrive/Pictures\Screenshots\760\remote\289650\screenshots\thumbnails
49051,D:/OneDrive/Pictures\HDD pictures\Bench Marks\Cinebench\CINEBENCHR15.038\CINEBENCH R15.038_RC184115\plugins\bench
48727,D:/OneDrive/Pictures\HDD pictures\Bench Marks\Cinebench\CINEBENCHR15.038\CINEBENCH R15.038_RC184115\resource\_api\c4d_misc\utilities
46866,D:/OneDrive/Pictures\Instagram\jared.turck_20190901\photos\201810
46866,D:/OneDrive/Pictures\HDD pictures\Instagram\jared.turck_20190901\photos\201810
46866,D:/OneDrive/Pictures\2019\08-08-2019 (US holiday)\US chat\jared.turck_20190901\photos\201810
46029,D:/OneDrive/Pictures\HDD pictures\Bench Marks\Cinebench\CinebenchR20\resource\modules\model\strings_en-US\description
45263,D:/OneDrive/Pictures\Screenshots\240\screenshots\thumbnails
45148,D:/OneDrive/Pictures\HDD pictures\Bench Marks\Cinebench\CinebenchR20\resource\modules\newman\description
44658,D:/OneDrive/Pictures\HDD pictures\Bench Marks\Cinebench\CINEBENCHR15.038\CINEBENCH R15.038_RC184115\modules\advanced render\sky\res\description
44411,D:/OneDrive/Pictures\HDD pictures\Bench Marks\Cinebench\CINEBENCHR15.038\CINEBENCH R15.038_RC184115\resource\modules\shader\res\description
43986,D:/OneDrive/Pictures\HDD pictures\Bench Marks\Cinebench\CinebenchR20\resource\modules\sky\description
42697,D:/OneDrive/Pictures\Screenshots\760\remote\240\screenshots\thumbnails
41070,D:/OneDrive/Pictures\HDD pictures\Bench Marks\Cinebench\CinebenchR20\resource\modules\crypt.module
40578,D:/OneDrive/Pictures\Screenshots\760\remote\271590\screenshots\thumbnails
40167,D:/OneDrive/Pictures\2021\Feburary\phoneback replace\Huawei\Themes\themecache
38661,D:/OneDrive/Pictures\HDD pictures\Bench Marks\Cinebench\CINEBENCHR15.038\CINEBENCH R15.038_RC184115\resource\modules\newman\res\description
38423,D:/OneDrive/Pictures\HDD pictures\Bench Marks\Cinebench\CinebenchR20\resource\modules\newman\dialogs
37533,D:/OneDrive/Pictures\HDD pictures\Bench Marks\Cinebench\CINEBENCHR15.038\CINEBENCH R15.038_RC184115\resource\modules\newman\res\dialogs
37197,D:/OneDrive/Pictures\HDD pictures\Bench Marks\Cinebench\CINEBENCHR15.038\CINEBENCH R15.038_RC184115\resource\modules\objects\res\strings_us\description
36756,D:/OneDrive/Pictures\HDD pictures\Bench Marks\Cinebench\CinebenchR20\resource\modules\xtensions\strings_en-US
36398,D:/OneDrive/Pictures\Screenshots\570\screenshots\thumbnails
35554,D:/OneDrive/Pictures\Screenshots\863550\screenshots\thumbnails
35548,D:/OneDrive/Pictures\HDD pictures\Bench Marks\Cinebench\CinebenchR20\resource\modules\xtensions\strings_en-US\description
35320,D:/OneDrive/Pictures\HDD pictures\Bench Marks\Cinebench\CinebenchR20\resource\modules\asset.module\repository\preset_net.maxon.preset.custommetal\1
34916,D:/OneDrive/Pictures\HDD pictures\Bench Marks\Cinebench\CinebenchR20\resource\modules\model\strings_en-US
34856,D:/OneDrive/Pictures\HDD pictures\Bench Marks\Cinebench\CINEBENCHR15.038\CINEBENCH R15.038_RC184115\modules\mograph\res\strings_us\description
34794,D:/OneDrive/Pictures\HDD pictures\Bench Marks\Cinebench\CinebenchR20\resource\modules\advanced render
34708,D:/OneDrive/Pictures\HDD pictures\Bench Marks\Cinebench\CINEBENCHR15.038\CINEBENCH R15.038_RC184115\modules\advanced render\advanced render\res
34679,D:/OneDrive/Pictures\2021\Feburary\phoneback replace\WhatsApp\Media\WhatsApp Documents\Sent
33839,D:/OneDrive/Pictures\Screenshots\1174180\screenshots\thumbnails
32940,D:/OneDrive/Pictures\Screenshots\222880\screenshots\thumbnails
32792,D:/OneDrive/Pictures\HDD pictures\Bench Marks\Cinebench\CINEBENCHR15.038\CINEBENCH R15.038_RC184115\resource\modules\modeling\res\strings_us\description
32362,D:/OneDrive/Pictures\Instagram\jared.turck_20190901\direct\201909
32362,D:/OneDrive/Pictures\HDD pictures\Instagram\jared.turck_20190901\direct\201909
32362,D:/OneDrive/Pictures\2019\08-08-2019 (US holiday)\US chat\jared.turck_20190901\direct\201909
31824,D:/OneDrive/Pictures\Screenshots\760\remote\340\screenshots\thumbnails
31054,D:/OneDrive/Pictures\Screenshots\760\remote\412020\screenshots\thumbnails
30557,D:/OneDrive/Pictures\HDD pictures\Bench Marks\Cinebench\CinebenchR20\resource\modules\c4dplugin\menus_bench
30509,D:/OneDrive/Pictures\HDD pictures\Bench Marks\Cinebench\CINEBENCHR15.038\CINEBENCH R15.038_RC184115\resource\res\menus_bench
29822,D:/OneDrive/Pictures\HDD pictures\Bench Marks\Cinebench\CINEBENCHR15.038\CINEBENCH R15.038_RC184115\resource\strings_us\html
29412,D:/OneDrive/Pictures\HDD pictures\Bench Marks\Cinebench\CinebenchR20\resource\modules\c4dplugin\strings_en-US\html
29389,D:/OneDrive/Pictures\HDD pictures\Bench Marks\Cinebench\CinebenchR20\resource\modules\advanced render\strings_en-US\description
29275,D:/OneDrive/Pictures\HDD pictures\Bench Marks\Cinebench\CINEBENCHR15.038\CINEBENCH R15.038_RC184115\modules\advanced render\advanced render\res\strings_us\description
29273,D:/OneDrive/Pictures\HDD pictures\Bench Marks\Cinebench\CINEBENCHR15.038\CINEBENCH R15.038_RC184115\resource\modules\modeling\res\strings_us
26914,D:/OneDrive/Pictures\HDD pictures\Bench Marks\Cinebench\CINEBENCHR15.038\CINEBENCH R15.038_RC184115\resource\modules\xtensions\res\dialogs
25791,D:/OneDrive/Pictures\HDD pictures\Bench Marks\Cinebench\CINEBENCHR15.038\CINEBENCH R15.038_RC184115\resource\modules\xtensions\res\strings_us
25765,D:/OneDrive/Pictures\HDD pictures\Bench Marks\Cinebench\CINEBENCHR15.038\CINEBENCH R15.038_RC184115\resource\_api\c4d_misc
25244,D:/OneDrive/Pictures\HDD pictures\Bench Marks\Cinebench\CinebenchR20\resource\modules\c4dplugin\strings_en-US\dialogs
25124,D:/OneDrive/Pictures\HDD pictures\Bench Marks\Cinebench\CINEBENCHR15.038\CINEBENCH R15.038_RC184115\resource\modules\xtensions\res\strings_us\description
25105,D:/OneDrive/Pictures\HDD pictures\Bench Marks\Cinebench\CinebenchR20\resource\modules\expressiontag\strings_en-US\description
24917,D:/OneDrive/Pictures\HDD pictures\Bench Marks\Cinebench\CINEBENCHR15.038\CINEBENCH R15.038_RC184115\resource\strings_us\dialogs
24895,D:/OneDrive/Pictures\HDD pictures\Bench Marks\Cinebench\CinebenchR20\resource\modules\xtensions\dialogs
23922,D:/OneDrive/Pictures\2021\Feburary\phoneback replace\WhatsApp\Backups
23768,D:/OneDrive/Pictures\Screenshots\582160\screenshots\thumbnails
23743,D:/OneDrive/Pictures\HDD pictures\Bench Marks\Cinebench\CinebenchR20\resource\modules\shader\strings_en-US\description
23468,D:/OneDrive/Pictures\HDD pictures\Bench Marks\Cinebench\CINEBENCHR15.038\CINEBENCH R15.038_RC184115\resource\modules\gv\expressiontag\res\strings_us\description
22177,D:/OneDrive/Pictures\HDD pictures\Bench Marks\Cinebench\CINEBENCHR15.038\CINEBENCH R15.038_RC184115\modules\advanced render\sky\res\strings_us\description
21997,D:/OneDrive/Pictures\HDD pictures\Bench Marks\Cinebench\CINEBENCHR15.038\CINEBENCH R15.038_RC184115\resource\modules\onlineupdater\res\dialogs
21959,D:/OneDrive/Pictures\HDD pictures\Bench Marks\Cinebench\CinebenchR20\resource\modules\sky\strings_en-US\description
21321,D:/OneDrive/Pictures\Screenshots\616560\screenshots\thumbnails
20930,D:/OneDrive/Pictures\HDD pictures\Bench Marks\Cinebench\CinebenchR20\resource\modules\model
20455,D:/OneDrive/Pictures\HDD pictures\Bench Marks\Cinebench\CINEBENCHR15.038\CINEBENCH R15.038_RC184115\resource\modules\objects\res
19804,D:/OneDrive/Pictures\Screenshots\745\screenshots\thumbnails
19369,D:/OneDrive/Pictures\HDD pictures\Bench Marks\Cinebench\CinebenchR20\resource\modules\newman\strings_en-US\description
19228,D:/OneDrive/Pictures\2021\Feburary\phoneback replace\qpython\cache\pip\http\7\e\3\a\0
18771,D:/OneDrive/Pictures\HDD pictures\Bench Marks\Cinebench\CinebenchR20\resource\modules\ca\strings_en-US
18749,D:/OneDrive/Pictures\Screenshots\311210\screenshots\thumbnails
18085,D:/OneDrive/Pictures\HDD pictures\Bench Marks\Cinebench\CINEBENCHR15.038\CINEBENCH R15.038_RC184115\resource\_api\c4d_misc\memory
17946,D:/OneDrive/Pictures\HDD pictures\Bench Marks\Cinebench\CINEBENCHR15.038\CINEBENCH R15.038_RC184115\resource\modules\modeling\res
17653,D:/OneDrive/Pictures\HDD pictures\Bench Marks\Cinebench\CinebenchR20\resource\modules\asset.module\repository\preset_net.maxon.preset.customdielectric\1
17063,D:/OneDrive/Pictures\Screenshots\760\remote\391220\screenshots\thumbnails
16367,D:/OneDrive/Pictures\HDD pictures\Bench Marks\Cinebench\CINEBENCHR15.038\CINEBENCH R15.038_RC184115\resource\modules\newman\res\strings_us\description
16318,D:/OneDrive/Pictures\HDD pictures\Bench Marks\Cinebench\CinebenchR20\resource\modules\cinebench\strings_en-US
16315,D:/OneDrive/Pictures\Screenshots\1097840\screenshots\thumbnails
16102,D:/OneDrive/Pictures\HDD pictures\Saved Pictures
15855,D:/OneDrive/Pictures\HDD pictures\Bench Marks\Cinebench\CINEBENCHR15.038\CINEBENCH R15.038_RC184115\resource\modules\shader\res\strings_us\description
15788,D:/OneDrive/Pictures\HDD pictures\Photos\shelby
15544,D:/OneDrive/Pictures\HDD pictures\Bench Marks\Cinebench\CinebenchR20\resource\modules\expressiontag\strings_en-US
15471,D:/OneDrive/Pictures\HDD pictures\Bench Marks\Cinebench\CinebenchR20\resource\modules\asset.module\repository\preset_net.maxon.preset.mediasession.export.wmv\1
15196,D:/OneDrive/Pictures\HDD pictures\Bench Marks\Cinebench\CinebenchR20\resource\modules\sla\dialogs
15107,D:/OneDrive/Pictures\HDD pictures\Bench Marks\Cinebench\CINEBENCHR15.038\CINEBENCH R15.038_RC184115\resource\modules\gv\expressiontag\res\strings_us
14890,D:/OneDrive/Pictures\HDD pictures\Bench Marks\Cinebench\CINEBENCHR15.038\CINEBENCH R15.038_RC184115\plugins\bench\res\strings_de
14165,D:/OneDrive/Pictures\HDD pictures\Bench Marks\Cinebench\CINEBENCHR15.038\CINEBENCH R15.038_RC184115\plugins\bench\res\strings_us
14163,D:/OneDrive/Pictures\HDD pictures\Bench Marks\Cinebench\CINEBENCHR15.038\CINEBENCH R15.038_RC184115\resource\modules\sla\res\dialogs
14095,D:/OneDrive/Pictures\HDD pictures\Photos\shelby\travel
14079,D:/OneDrive/Pictures\2021\Feburary\phoneback replace\Huawei\Themes\.cache\HWFont.hwt\preview
14069,D:/OneDrive/Pictures\HDD pictures\Photos\spray
13509,D:/OneDrive/Pictures\HDD pictures\Bench Marks\Cinebench\CinebenchR20\resource\modules\newman\strings_en-US\dialogs
13484,D:/OneDrive/Pictures\Screenshots\760\remote\939960\screenshots\thumbnails
13132,D:/OneDrive/Pictures\Screenshots\225540\screenshots\thumbnails
13056,D:/OneDrive/Pictures\HDD pictures\Bench Marks\Cinebench\CINEBENCHR15.038\CINEBENCH R15.038_RC184115\resource\modules\newman\res\strings_us\dialogs
12868,D:/OneDrive/Pictures\HDD pictures\Bench Marks\Cinebench\CinebenchR20\resource\modules\clothilde\description
12300,D:/OneDrive/Pictures\HDD pictures\Bench Marks\Cinebench\CinebenchR20\resource\modules\browser
12259,D:/OneDrive/Pictures\HDD pictures\Bench Marks\Cinebench\CinebenchR20\resource\modules\ca
11867,D:/OneDrive/Pictures\HDD pictures\Bench Marks\Cinebench\CinebenchR20\resource\modules\browser\strings_en-US
11675,D:/OneDrive/Pictures\HDD pictures\Bench Marks\Cinebench\CinebenchR20\resource\modules\expressiontag
11625,D:/OneDrive/Pictures\Screenshots\760\remote\403640\screenshots\thumbnails
11475,D:/OneDrive/Pictures\HDD pictures\Bench Marks\Cinebench\CinebenchR20\resource\modules\xpressocore\strings_en-US
11475,D:/OneDrive/Pictures\HDD pictures\Bench Marks\Cinebench\CINEBENCHR15.038\CINEBENCH R15.038_RC184115\resource\modules\gv\graphviewcore\res\strings_us
11413,D:/OneDrive/Pictures\HDD pictures\Bench Marks\Cinebench\CINEBENCHR15.038\CINEBENCH R15.038_RC184115\resource\modules\gv\expressiontag\res
11396,D:/OneDrive/Pictures\HDD pictures\Bench Marks\Cinebench\CinebenchR20\resource\modules\ca2\description
10819,D:/OneDrive/Pictures\HDD pictures\Bench Marks\Cinebench\CinebenchR20\resource\modules\sla\strings_en-US
10819,D:/OneDrive/Pictures\HDD pictures\Bench Marks\Cinebench\CINEBENCHR15.038\CINEBENCH R15.038_RC184115\resource\modules\sla\res\strings_us
10470,D:/OneDrive/Pictures\HDD pictures\Bench Marks\Cinebench\CinebenchR20\resource\modules\browser\dialogs
10318,D:/OneDrive/Pictures\HDD pictures\Bench Marks\Cinebench\CINEBENCHR15.038\CINEBENCH R15.038_RC184115\cb_ranking
10294,D:/OneDrive/Pictures\Screenshots\1056960\screenshots\thumbnails
10066,D:/OneDrive/Pictures\HDD pictures\Bench Marks\Cinebench\CinebenchR20\cb_ranking
9888,D:/OneDrive/Pictures\HDD pictures\Bench Marks\Cinebench\CinebenchR20\resource\modules\mograph\strings_en-US
9807,D:/OneDrive/Pictures\2021\Feburary\phoneback replace\qpython\cache\pip\http\8\d\0\e\1
9521,D:/OneDrive/Pictures\HDD pictures\Bench Marks\Cinebench\CINEBENCHR15.038\CINEBENCH R15.038_RC184115\resource\modules\onlineupdater\res\strings_us
9433,D:/OneDrive/Pictures\HDD pictures\Bench Marks\Cinebench\CinebenchR20\resource\modules\objects\strings_en-US
8727,D:/OneDrive/Pictures\HDD pictures\Bench Marks\Cinebench\CinebenchR20\resource\modules\xtensions\strings_en-US\dialogs
8727,D:/OneDrive/Pictures\HDD pictures\Bench Marks\Cinebench\CINEBENCHR15.038\CINEBENCH R15.038_RC184115\resource\modules\xtensions\res\strings_us\dialogs
8636,D:/OneDrive/Pictures\HDD pictures\Bench Marks\Cinebench\CinebenchR20\resource\modules\hair\strings_en-US
8366,D:/OneDrive/Pictures\HDD pictures\Bench Marks\Cinebench\CINEBENCHR15.038\CINEBENCH R15.038_RC184115\resource\modules\onlineupdater\res\strings_us\dialogs
8138,D:/OneDrive/Pictures\Screenshots\460930\screenshots\thumbnails
7992,D:/OneDrive/Pictures\HDD pictures\Bench Marks\Cinebench\CinebenchR20\resource\modules\asset.module\repository\preset_net.maxon.preset.mediasession.export.mp4\1
7992,D:/OneDrive/Pictures\HDD pictures\Bench Marks\Cinebench\CinebenchR20\resource\modules\asset.module\repository\preset_net.maxon.preset.mediasession.export.mov\1
7992,D:/OneDrive/Pictures\HDD pictures\Bench Marks\Cinebench\CinebenchR20\resource\modules\asset.module\repository\preset_net.maxon.preset.mediasession.export.gp3\1
7992,D:/OneDrive/Pictures\HDD pictures\Bench Marks\Cinebench\CinebenchR20\resource\modules\asset.module\repository\preset_net.maxon.preset.mediasession.export.asf\1
7534,D:/OneDrive/Pictures\Screenshots\760\remote\745\screenshots\thumbnails
7188,D:/OneDrive/Pictures\HDD pictures\Bench Marks\Cinebench\CINEBENCHR15.038\CINEBENCH R15.038_RC184115\resource\modules\objects\res\strings_us
7034,D:/OneDrive/Pictures\HDD pictures\Bench Marks\Cinebench\CinebenchR20\resource\modules\asset.module
6950,D:/OneDrive/Pictures\Screenshots\340\screenshots\thumbnails
6867,D:/OneDrive/Pictures\HDD pictures\Bench Marks\Cinebench\CinebenchR20\resource\modules\advanced render\strings_en-US
6867,D:/OneDrive/Pictures\HDD pictures\Bench Marks\Cinebench\CINEBENCHR15.038\CINEBENCH R15.038_RC184115\modules\advanced render\advanced render\res\strings_us
6679,D:/OneDrive/Pictures\HDD pictures\Bench Marks\Cinebench\CinebenchR20\resource\modules\objects
6679,D:/OneDrive/Pictures\HDD pictures\Bench Marks\Cinebench\CinebenchR20\resource\modules\colorchoosergui\strings_en-US
6565,D:/OneDrive/Pictures\2021\Feburary\phoneback replace\qpython\snippets3
6426,D:/OneDrive/Pictures\HDD pictures\Bench Marks\Cinebench\CinebenchR20\resource\modules\xpressocore
6340,D:/OneDrive/Pictures\HDD pictures\Bench Marks\Cinebench\CINEBENCHR15.038\CINEBENCH R15.038_RC184115\resource\modules\gv\graphviewcore\res
5089,D:/OneDrive/Pictures\HDD pictures\Bench Marks\Cinebench\CinebenchR20\resource\modules\mograph
4968,D:/OneDrive/Pictures\HDD pictures\Bench Marks\Cinebench\CinebenchR20\resource\modules\sla\strings_en-US\dialogs
4948,D:/OneDrive/Pictures\HDD pictures\Bench Marks\Cinebench\CinebenchR20\resource\modules\asset.module\repository\preset_net.maxon.preset.normaldirection\1
4631,D:/OneDrive/Pictures\HDD pictures\Bench Marks\Cinebench\CinebenchR20\resource\modules\clothilde\strings_en-US\description
4609,D:/OneDrive/Pictures\HDD pictures\Bench Marks\Cinebench\CINEBENCHR15.038\CINEBENCH R15.038_RC184115\modules\mograph\res\strings_us
4566,D:/OneDrive/Pictures\HDD pictures\Bench Marks\Cinebench\CINEBENCHR15.038\CINEBENCH R15.038_RC184115\resource\modules\sla\res\strings_us\dialogs
4538,D:/OneDrive/Pictures\HDD pictures\Bench Marks\Cinebench\CinebenchR20\resource\modules\colorchoosergui
4480,D:/OneDrive/Pictures\HDD pictures\Bench Marks\Cinebench\CinebenchR20\resource\modules\sky\strings_en-US
4480,D:/OneDrive/Pictures\HDD pictures\Bench Marks\Cinebench\CINEBENCHR15.038\CINEBENCH R15.038_RC184115\modules\advanced render\sky\res\strings_us
4218,D:/OneDrive/Pictures\HDD pictures\Bench Marks\Cinebench\CINEBENCHR15.038\CINEBENCH R15.038_RC184115\resource\modules\objects\res\dialogs
3999,D:/OneDrive/Pictures\HDD pictures\Bench Marks\Cinebench\CinebenchR20\resource\modules\objects\dialogs
3894,D:/OneDrive/Pictures\HDD pictures\Bench Marks\Cinebench\CinebenchR20\resource\modules\mocca
3790,D:/OneDrive/Pictures\HDD pictures\Bench Marks\Cinebench\CinebenchR20\resource\modules\model\dialogs
3460,D:/OneDrive/Pictures\HDD pictures\Bench Marks\Cinebench\CINEBENCHR15.038\CINEBENCH R15.038_RC184115\resource\modules\modeling\res\dialogs
3442,D:/OneDrive/Pictures\HDD pictures\Bench Marks\Cinebench\CinebenchR20\resource\modules\mocca\strings_en-US
3426,D:/OneDrive/Pictures\HDD pictures\Bench Marks\Cinebench\CinebenchR20\resource\modules\mkmodeler\strings_en-US
3259,D:/OneDrive/Pictures\HDD pictures\Bench Marks\Cinebench\CinebenchR20\resource\modules\sky\dialogs
3259,D:/OneDrive/Pictures\HDD pictures\Bench Marks\Cinebench\CINEBENCHR15.038\CINEBENCH R15.038_RC184115\modules\advanced render\sky\res\dialogs
3226,D:/OneDrive/Pictures\HDD pictures\Bench Marks\Cinebench\CinebenchR20\resource\modules\ca2\strings_en-US\description
3125,D:/OneDrive/Pictures\HDD pictures\Bench Marks\Cinebench\CINEBENCHR15.038\CINEBENCH R15.038_RC184115\plugins\bench\res
2883,D:/OneDrive/Pictures\HDD pictures\Bench Marks\Cinebench\CinebenchR20\resource\modules\browser\strings_en-US\dialogs
2483,D:/OneDrive/Pictures\HDD pictures\Bench Marks\Cinebench\CINEBENCHR15.038\CINEBENCH R15.038_RC184115\modules\mograph\res
2357,D:/OneDrive/Pictures\HDD pictures\Bench Marks\Cinebench\CinebenchR20\resource\modules\shader\strings_en-US
2346,D:/OneDrive/Pictures\2021\Feburary\phoneback replace\qpython\projects3\WeatherNotify
2310,D:/OneDrive/Pictures\2021\Feburary\phoneback replace\qpython\projects3\WeatherReport
2258,D:/OneDrive/Pictures\HDD pictures\Bench Marks\Cinebench\CinebenchR20\resource\modules\ca2\dialogs
2184,D:/OneDrive/Pictures\HDD pictures\Bench Marks\Cinebench\CinebenchR20\resource\modules\mkmodeler
2154,D:/OneDrive/Pictures\HDD pictures\Bench Marks\Cinebench\CinebenchR20\resource\modules\ca2\strings_en-US
2148,D:/OneDrive/Pictures\HDD pictures\Bench Marks\Cinebench\CinebenchR20\resource\modules\asset.module\repository\category_net.maxon.nodecategory.existingnodes\1
2143,D:/OneDrive/Pictures\HDD pictures\Bench Marks\Cinebench\CinebenchR20\resource\modules\asset.module\repository\category_net.maxon.assetcategory.uncategorized\1
2140,D:/OneDrive/Pictures\HDD pictures\Bench Marks\Cinebench\CinebenchR20\resource\modules\asset.module\repository\category_net.maxon.nodecategory.conversion\1
2139,D:/OneDrive/Pictures\HDD pictures\Bench Marks\Cinebench\CinebenchR20\resource\modules\asset.module\repository\category_net.maxon.nodecategory.generator\1
2137,D:/OneDrive/Pictures\HDD pictures\Bench Marks\Cinebench\CinebenchR20\resource\modules\asset.module\repository\category_net.maxon.nodecategory.utility\1
2137,D:/OneDrive/Pictures\HDD pictures\Bench Marks\Cinebench\CinebenchR20\resource\modules\asset.module\repository\category_net.maxon.nodecategory.surface\1
2137,D:/OneDrive/Pictures\HDD pictures\Bench Marks\Cinebench\CinebenchR20\resource\modules\asset.module\repository\category_net.maxon.nodecategory.context\1
2136,D:/OneDrive/Pictures\HDD pictures\Bench Marks\Cinebench\CinebenchR20\resource\modules\asset.module\repository\category_net.maxon.nodecategory.string\1
2135,D:/OneDrive/Pictures\HDD pictures\Bench Marks\Cinebench\CinebenchR20\resource\modules\asset.module\repository\category_net.maxon.nodecategory.shape\1
2135,D:/OneDrive/Pictures\HDD pictures\Bench Marks\Cinebench\CinebenchR20\resource\modules\asset.module\repository\category_net.maxon.nodecategory.color\1
2134,D:/OneDrive/Pictures\HDD pictures\Bench Marks\Cinebench\CinebenchR20\resource\modules\asset.module\repository\category_net.maxon.nodecategory.math\1
2134,D:/OneDrive/Pictures\HDD pictures\Bench Marks\Cinebench\CinebenchR20\resource\modules\asset.module\repository\category_net.maxon.nodecategory.info\1
2084,D:/OneDrive/Pictures\2021\Feburary\phoneback replace\qpython\projects3\WebAppSample
2079,D:/OneDrive/Pictures\HDD pictures\Bench Marks\Cinebench\CinebenchR20\resource\modules\mocca\dialogs
1965,D:/OneDrive/Pictures\HDD pictures\Bench Marks\Cinebench\CinebenchR20\resource\modules\asset.module\repository\net.maxon.asset.databaseinfo\1
1965,D:/OneDrive/Pictures\HDD pictures\Bench Marks\Cinebench\CinebenchR20\resource\modules\asset.module\repository\databaseinfo_net.maxon.repository.userprefs\1
1965,D:/OneDrive/Pictures\HDD pictures\Bench Marks\Cinebench\CinebenchR20\resource\modules\asset.module\repository\databaseinfo_net.maxon.repository.application\1
1961,D:/OneDrive/Pictures\HDD pictures\Bench Marks\Cinebench\CinebenchR20\resource\modules\asset.module\repository\databaseinfo_repository\1
1961,D:/OneDrive/Pictures\HDD pictures\Bench Marks\Cinebench\CinebenchR20\resource\modules\asset.module\repository\databaseinfo_net.maxon.repository.builtin\1
1959,D:/OneDrive/Pictures\HDD pictures\Bench Marks\Cinebench\CinebenchR20\resource\modules\asset.module\repository\databaseinfo_net.maxon.repository.scene\1
1923,D:/OneDrive/Pictures\HDD pictures\Bench Marks\Cinebench\CinebenchR20\resource\modules\browser\description
1805,D:/OneDrive/Pictures\HDD pictures\Bench Marks\Cinebench\CinebenchR20\resource\modules\mkmodeler\description
1652,D:/OneDrive/Pictures\HDD pictures\Bench Marks\Cinebench\CinebenchR20\resource\modules\ca2
1622,D:/OneDrive/Pictures\HDD pictures\Bench Marks\Cinebench\CINEBENCHR15.038\CINEBENCH R15.038_RC184115\resource\modules\shader\res\strings_us
1617,D:/OneDrive/Pictures\HDD pictures\Bench Marks\Cinebench\CinebenchR20\resource\modules\compositing\description
1564,D:/OneDrive/Pictures\HDD pictures\Bench Marks\Cinebench\CinebenchR20\resource\modules\shader
1551,D:/OneDrive/Pictures\HDD pictures\Bench Marks\Cinebench\CinebenchR20\resource\modules\nbp\strings_en-US
1484,D:/OneDrive/Pictures\HDD pictures\Bench Marks\Cinebench\CINEBENCHR15.038\CINEBENCH R15.038_RC184115\resource\modules\objects\res\strings_us\dialogs
1482,D:/OneDrive/Pictures\HDD pictures\Bench Marks\Cinebench\CinebenchR20\resource\modules\mocca\description
1473,D:/OneDrive/Pictures\HDD pictures\Bench Marks\Cinebench\CinebenchR20\resource\modules\objects\strings_en-US\dialogs
1393,D:/OneDrive/Pictures\HDD pictures\Bench Marks\Cinebench\CINEBENCHR15.038\CINEBENCH R15.038_RC184115\plugins\bench\res\dialogs
1386,D:/OneDrive/Pictures\HDD pictures\Bench Marks\Cinebench\CinebenchR20\resource\modules\cinebench\dialogs
1277,D:/OneDrive/Pictures\HDD pictures\Bench Marks\Cinebench\CinebenchR20\resource\modules\asset.module\repository\category_net.maxon.nodecategory.material\1
1234,D:/OneDrive/Pictures\HDD pictures\Bench Marks\Cinebench\CinebenchR20\resource\modules\model\strings_en-US\dialogs
1211,D:/OneDrive/Pictures\HDD pictures\Bench Marks\Cinebench\CinebenchR20\resource\modules\newman\menu
1211,D:/OneDrive/Pictures\HDD pictures\Bench Marks\Cinebench\CINEBENCHR15.038\CINEBENCH R15.038_RC184115\resource\modules\newman\res\menu
1176,D:/OneDrive/Pictures\HDD pictures\Bench Marks\Cinebench\CINEBENCHR15.038\CINEBENCH R15.038_RC184115\resource\modules\modeling\res\strings_us\dialogs
1123,D:/OneDrive/Pictures\HDD pictures\Bench Marks\Cinebench\CINEBENCHR15.038\CINEBENCH R15.038_RC184115\resource\modules\shader\res
996,D:/OneDrive/Pictures\HDD pictures\Bench Marks\Cinebench\CinebenchR20\resource\modules\mocca\strings_en-US\dialogs
985,D:/OneDrive/Pictures\HDD pictures\Bench Marks\Cinebench\CinebenchR20\resource\modules\ca2\strings_en-US\dialogs
978,D:/OneDrive/Pictures\HDD pictures\Bench Marks\Cinebench\CinebenchR20\resource\modules\gui.module\win
941,D:/OneDrive/Pictures\HDD pictures\Bench Marks\Cinebench\CinebenchR20\resource\modules\mkmodeler\strings_en-US\description
914,D:/OneDrive/Pictures\HDD pictures\Bench Marks\Cinebench\CinebenchR20\resource\modules\openexr\dialogs
897,D:/OneDrive/Pictures\HDD pictures\Bench Marks\Cinebench\CinebenchR20\resource\modules\openexr\strings_en-US\dialogs
837,D:/OneDrive/Pictures\HDD pictures\Bench Marks\Cinebench\CINEBENCHR15.038\CINEBENCH R15.038_RC184115\resource\res\menus_net
800,D:/OneDrive/Pictures\HDD pictures\Bench Marks\Cinebench\CinebenchR20\resource\modules\sky\strings_en-US\dialogs
800,D:/OneDrive/Pictures\HDD pictures\Bench Marks\Cinebench\CINEBENCHR15.038\CINEBENCH R15.038_RC184115\modules\advanced render\sky\res\strings_us\dialogs
754,D:/OneDrive/Pictures\HDD pictures\Bench Marks\Cinebench\CinebenchR20\resource\modules\colorchoosergui\dialogs
733,D:/OneDrive/Pictures\HDD pictures\Bench Marks\Cinebench\CinebenchR20\resource\modules\xpressocore\description
733,D:/OneDrive/Pictures\HDD pictures\Bench Marks\Cinebench\CINEBENCHR15.038\CINEBENCH R15.038_RC184115\resource\modules\gv\graphviewcore\res\description
694,D:/OneDrive/Pictures\HDD pictures\Bench Marks\Cinebench\CinebenchR20\resource\modules\advanced render\dialogs
694,D:/OneDrive/Pictures\HDD pictures\Bench Marks\Cinebench\CINEBENCHR15.038\CINEBENCH R15.038_RC184115\modules\advanced render\advanced render\res\dialogs
681,D:/OneDrive/Pictures\HDD pictures\Bench Marks\Cinebench\CinebenchR20\resource\modules\browser\strings_en-US\description
677,D:/OneDrive/Pictures\HDD pictures\Bench Marks\Cinebench\CinebenchR20\resource\modules\compositing\strings_en-US\description
569,D:/OneDrive/Pictures\HDD pictures\Bench Marks\Cinebench\CinebenchR20\resource\modules\openexr
526,D:/OneDrive/Pictures\2021\Feburary\phoneback replace\qpython\projects3
472,D:/OneDrive/Pictures\HDD pictures\Bench Marks\Cinebench\CinebenchR20\resource\modules\clothilde
426,D:/OneDrive/Pictures\HDD pictures\Bench Marks\Cinebench\CinebenchR20\resource\modules\cinebench\strings_en-US\dialogs
411,D:/OneDrive/Pictures\HDD pictures\Bench Marks\notes
405,D:/OneDrive/Pictures\HDD pictures\Bench Marks\Cinebench\CINEBENCHR15.038\CINEBENCH R15.038_RC184115\plugins\bench\res\strings_de\dialogs
389,D:/OneDrive/Pictures\HDD pictures\Bench Marks\Cinebench\CinebenchR20\resource\modules\clothilde\strings_en-US
388,D:/OneDrive/Pictures\HDD pictures\Bench Marks\Cinebench\CinebenchR20\resource\modules\mocca\strings_en-US\description
386,D:/OneDrive/Pictures\HDD pictures\Bench Marks\Cinebench\CINEBENCHR15.038\CINEBENCH R15.038_RC184115\plugins\bench\res\strings_us\dialogs
375,D:/OneDrive/Pictures\2021\Feburary\phoneback replace\Huawei\Themes\.cache\HWFont.hwt
363,D:/OneDrive/Pictures\2021\Feburary\phoneback replace\Huawei\Themes\.cache\Rainbow.hwt
363,D:/OneDrive/Pictures\2021\Feburary\phoneback replace\Huawei\Themes\.cache\Firefly.hwt
340,D:/OneDrive/Pictures\2021\Feburary\phoneback replace\Sounds\.backup
322,D:/OneDrive/Pictures\2021\Feburary\phoneback replace\Huawei\Themes\.cache\Paradise.hwt
316,D:/OneDrive/Pictures\2021\Feburary\phoneback replace\Huawei\Themes\.cache\CaribbeanBeach.hwt
308,D:/OneDrive/Pictures\2021\Feburary\phoneback replace\Huawei\Themes\.cache\Watercolor.hwt
307,D:/OneDrive/Pictures\2021\Feburary\phoneback replace\Huawei\Themes\.cache\Craftsman.hwt
306,D:/OneDrive/Pictures\2021\Feburary\phoneback replace\Huawei\Themes\.cache\Speedway.hwt
306,D:/OneDrive/Pictures\2021\Feburary\phoneback replace\Huawei\Themes\.cache\Firework.hwt
304,D:/OneDrive/Pictures\2021\Feburary\phoneback replace\Huawei\Themes\.cache\Golden.hwt
303,D:/OneDrive/Pictures\2021\Feburary\phoneback replace\Huawei\Themes\.cache\Sweet.hwt
303,D:/OneDrive/Pictures\2021\Feburary\phoneback replace\Huawei\Themes\.cache\Ripple10.hwt
303,D:/OneDrive/Pictures\2021\Feburary\phoneback replace\Huawei\Themes\.cache\Pearl.hwt
302,D:/OneDrive/Pictures\2021\Feburary\phoneback replace\Huawei\Themes\.cache\Rose.hwt
300,D:/OneDrive/Pictures\2021\Feburary\phoneback replace\Huawei\Themes\.cache\Venus.hwt
299,D:/OneDrive/Pictures\2021\Feburary\phoneback replace\Huawei\Themes\.cache\Flowers.hwt
296,D:/OneDrive/Pictures\HDD pictures\Bench Marks\Cinebench\CINEBENCHR15.038\CINEBENCH R15.038_RC184115\resource\res\menus_lic
277,D:/OneDrive/Pictures\HDD pictures\Bench Marks\Cinebench\CinebenchR20\resource\modules\xpressocore\strings_en-US\description
277,D:/OneDrive/Pictures\HDD pictures\Bench Marks\Cinebench\CINEBENCHR15.038\CINEBENCH R15.038_RC184115\resource\modules\gv\graphviewcore\res\strings_us\description
254,D:/OneDrive/Pictures\HDD pictures\Bench Marks\Cinebench\CinebenchR20\resource\modules\colorchoosergui\strings_en-US\dialogs
244,D:/OneDrive/Pictures\2021\Feburary\phoneback replace\qpython\scripts3
208,D:/OneDrive/Pictures\HDD pictures\Bench Marks\Cinebench\CinebenchR20\resource\modules\nbp\description
190,D:/OneDrive/Pictures\Screenshots
190,D:/OneDrive/Pictures\Camera Roll
145,D:/OneDrive/Pictures\HDD pictures\Bench Marks\Cinebench\CinebenchR20\resource\modules\openexr\strings_en-US
140,D:/OneDrive/Pictures\HDD pictures\Bench Marks\Cinebench\CinebenchR20\resource\modules\compositing
118,D:/OneDrive/Pictures\Microsoft.ScreenSketch_8wekyb3d8bbwe!App
116,D:/OneDrive/Pictures\HDD pictures\Bench Marks\Cinebench\CinebenchR20\resource\modules\advanced render\strings_en-US\dialogs
116,D:/OneDrive/Pictures\HDD pictures\Bench Marks\Cinebench\CINEBENCHR15.038\CINEBENCH R15.038_RC184115\modules\advanced render\advanced render\res\strings_us\dialogs
114,D:/OneDrive/Pictures\HDD pictures\Bench Marks\Cinebench\CinebenchR20\resource\modules\compositing\strings_en-US
77,D:/OneDrive/Pictures\HDD pictures\Bench Marks\Cinebench\CinebenchR20\resource\modules\asset.module\repository\preset_net.maxon.preset.mediasession.export.wmv
77,D:/OneDrive/Pictures\HDD pictures\Bench Marks\Cinebench\CinebenchR20\resource\modules\asset.module\repository\preset_net.maxon.preset.mediasession.export.mp4
77,D:/OneDrive/Pictures\HDD pictures\Bench Marks\Cinebench\CinebenchR20\resource\modules\asset.module\repository\preset_net.maxon.preset.mediasession.export.mov
77,D:/OneDrive/Pictures\HDD pictures\Bench Marks\Cinebench\CinebenchR20\resource\modules\asset.module\repository\preset_net.maxon.preset.mediasession.export.gp3
77,D:/OneDrive/Pictures\HDD pictures\Bench Marks\Cinebench\CinebenchR20\resource\modules\asset.module\repository\preset_net.maxon.preset.mediasession.export.asf
77,D:/OneDrive/Pictures\HDD pictures\Bench Marks\Cinebench\CinebenchR20\resource\modules\asset.module\repository\databaseinfo_net.maxon.repository.application
75,D:/OneDrive/Pictures\HDD pictures\Bench Marks\Cinebench\CinebenchR20\resource\modules\asset.module\repository\databaseinfo_net.maxon.repository.userprefs
73,D:/OneDrive/Pictures\HDD pictures\Bench Marks\Cinebench\CinebenchR20\resource\modules\asset.module\repository\databaseinfo_net.maxon.repository.builtin
71,D:/OneDrive/Pictures\HDD pictures\Bench Marks\Cinebench\CinebenchR20\resource\modules\asset.module\repository\databaseinfo_net.maxon.repository.scene
70,D:/OneDrive/Pictures\HDD pictures\Bench Marks\Cinebench\CinebenchR20\resource\modules\asset.module\repository\preset_net.maxon.preset.customdielectric
69,D:/OneDrive/Pictures\HDD pictures\Bench Marks\Cinebench\CinebenchR20\resource\modules\asset.module\repository\preset_net.maxon.preset.normaldirection
69,D:/OneDrive/Pictures\HDD pictures\Bench Marks\Cinebench\CinebenchR20\resource\modules\asset.module\repository\category_net.maxon.assetcategory.uncategorized
68,D:/OneDrive/Pictures\HDD pictures\Bench Marks\Cinebench\CinebenchR20\resource\modules\asset.module\repository\category_net.maxon.nodecategory.existingnodes
65,D:/OneDrive/Pictures\HDD pictures\Bench Marks\Cinebench\CinebenchR20\resource\modules\asset.module\repository\preset_net.maxon.preset.custommetal
65,D:/OneDrive/Pictures\HDD pictures\Bench Marks\Cinebench\CinebenchR20\resource\modules\asset.module\repository\category_net.maxon.nodecategory.conversion
64,D:/OneDrive/Pictures\HDD pictures\Bench Marks\Cinebench\CinebenchR20\resource\modules\asset.module\repository\category_net.maxon.nodecategory.generator
63,D:/OneDrive/Pictures\HDD pictures\Bench Marks\Cinebench\CinebenchR20\resource\modules\asset.module\repository\category_net.maxon.nodecategory.material
62,D:/OneDrive/Pictures\HDD pictures\Bench Marks\Cinebench\CinebenchR20\resource\modules\asset.module\repository\category_net.maxon.nodecategory.utility
62,D:/OneDrive/Pictures\HDD pictures\Bench Marks\Cinebench\CinebenchR20\resource\modules\asset.module\repository\category_net.maxon.nodecategory.surface
62,D:/OneDrive/Pictures\HDD pictures\Bench Marks\Cinebench\CinebenchR20\resource\modules\asset.module\repository\category_net.maxon.nodecategory.context
61,D:/OneDrive/Pictures\HDD pictures\Bench Marks\Cinebench\CinebenchR20\resource\modules\asset.module\repository\category_net.maxon.nodecategory.string
60,D:/OneDrive/Pictures\HDD pictures\Bench Marks\Cinebench\CinebenchR20\resource\modules\asset.module\repository\net.maxon.asset.databaseinfo
60,D:/OneDrive/Pictures\HDD pictures\Bench Marks\Cinebench\CinebenchR20\resource\modules\asset.module\repository\category_net.maxon.nodecategory.shape
60,D:/OneDrive/Pictures\HDD pictures\Bench Marks\Cinebench\CinebenchR20\resource\modules\asset.module\repository\category_net.maxon.nodecategory.color
59,D:/OneDrive/Pictures\HDD pictures\Bench Marks\Cinebench\CinebenchR20\resource\modules\asset.module\repository\category_net.maxon.nodecategory.math
59,D:/OneDrive/Pictures\HDD pictures\Bench Marks\Cinebench\CinebenchR20\resource\modules\asset.module\repository\category_net.maxon.nodecategory.info
55,D:/OneDrive/Pictures\HDD pictures\Bench Marks\Cinebench\CinebenchR20\resource\modules\asset.module\repository\databaseinfo_repository
53,D:/OneDrive/Pictures\2021\Feburary\phoneback replace\qpython
52,D:/OneDrive/Pictures\HDD pictures\Bench Marks\Cinebench\CinebenchR20\resource\modules\nbp\strings_en-US\description
37,D:/OneDrive/Pictures\HDD pictures\Bench Marks\Cinebench\CinebenchR20\resource\modules\asset.module\repository
36,D:/OneDrive/Pictures\2021\Feburary\phoneback replace
19,D:/OneDrive/Pictures\HDD pictures\Bench Marks\Cinebench\CinebenchR20\resource\modules\gui.module
19,D:/OneDrive/Pictures\HDD pictures\Bench Marks\Cinebench\CinebenchR20\resource\modules\embree.module
13,D:/OneDrive/Pictures\2021\Feburary\phoneback replace\qpython\lib
9,D:/OneDrive/Pictures\HDD pictures\Bench Marks\Cinebench\CinebenchR20\resource\language\en-US
0,D:/OneDrive/Pictures\Uplay
0,D:/OneDrive/Pictures\Screenshots\939960
0,D:/OneDrive/Pictures\Screenshots\870780
0,D:/OneDrive/Pictures\Screenshots\863550
0,D:/OneDrive/Pictures\Screenshots\760\remote\939960
0,D:/OneDrive/Pictures\Screenshots\760\remote\812140
0,D:/OneDrive/Pictures\Screenshots\760\remote\750920
0,D:/OneDrive/Pictures\Screenshots\760\remote\745
0,D:/OneDrive/Pictures\Screenshots\760\remote\730
0,D:/OneDrive/Pictures\Screenshots\760\remote\582160
0,D:/OneDrive/Pictures\Screenshots\760\remote\550
0,D:/OneDrive/Pictures\Screenshots\760\remote\548570
0,D:/OneDrive/Pictures\Screenshots\760\remote\440
0,D:/OneDrive/Pictures\Screenshots\760\remote\412020
0,D:/OneDrive/Pictures\Screenshots\760\remote\403640
0,D:/OneDrive/Pictures\Screenshots\760\remote\391220
0,D:/OneDrive/Pictures\Screenshots\760\remote\371660
0,D:/OneDrive/Pictures\Screenshots\760\remote\340
0,D:/OneDrive/Pictures\Screenshots\760\remote\289650
0,D:/OneDrive/Pictures\Screenshots\760\remote\271590
0,D:/OneDrive/Pictures\Screenshots\760\remote\240
0,D:/OneDrive/Pictures\Screenshots\760\remote\12419681329862410240
0,D:/OneDrive/Pictures\Screenshots\760\remote\1222700
0,D:/OneDrive/Pictures\Screenshots\760\remote
0,D:/OneDrive/Pictures\Screenshots\745
0,D:/OneDrive/Pictures\Screenshots\730
0,D:/OneDrive/Pictures\Screenshots\616560
0,D:/OneDrive/Pictures\Screenshots\582160
0,D:/OneDrive/Pictures\Screenshots\570
0,D:/OneDrive/Pictures\Screenshots\552520
0,D:/OneDrive/Pictures\Screenshots\550
0,D:/OneDrive/Pictures\Screenshots\532210
0,D:/OneDrive/Pictures\Screenshots\460930
0,D:/OneDrive/Pictures\Screenshots\447040
0,D:/OneDrive/Pictures\Screenshots\440
0,D:/OneDrive/Pictures\Screenshots\340
0,D:/OneDrive/Pictures\Screenshots\312660
0,D:/OneDrive/Pictures\Screenshots\311210
0,D:/OneDrive/Pictures\Screenshots\240
0,D:/OneDrive/Pictures\Screenshots\225540
0,D:/OneDrive/Pictures\Screenshots\222880
0,D:/OneDrive/Pictures\Screenshots\18408063881743171584
0,D:/OneDrive/Pictures\Screenshots\1463120
0,D:/OneDrive/Pictures\Screenshots\12429510396879044608
0,D:/OneDrive/Pictures\Screenshots\1222700
0,D:/OneDrive/Pictures\Screenshots\1174180
0,D:/OneDrive/Pictures\Screenshots\11230214167577231360
0,D:/OneDrive/Pictures\Screenshots\1097840
0,D:/OneDrive/Pictures\Screenshots\1096910
0,D:/OneDrive/Pictures\Screenshots\1091500
0,D:/OneDrive/Pictures\Screenshots\1056960
0,D:/OneDrive/Pictures\Instagram\jared.turck_20190901\videos
0,D:/OneDrive/Pictures\Instagram\jared.turck_20190901\stories
0,D:/OneDrive/Pictures\Instagram\jared.turck_20190901\profile
0,D:/OneDrive/Pictures\Instagram\jared.turck_20190901\photos
0,D:/OneDrive/Pictures\Instagram\jared.turck_20190901\direct
0,D:/OneDrive/Pictures\HDD pictures\ig edits\Tango\yes
0,D:/OneDrive/Pictures\HDD pictures\ig edits
0,D:/OneDrive/Pictures\HDD pictures\Uplay\Fan_Kit\Headers
0,D:/OneDrive/Pictures\HDD pictures\Uplay\Fan_Kit\Characters
0,D:/OneDrive/Pictures\HDD pictures\Uplay\Fan_Kit
0,D:/OneDrive/Pictures\HDD pictures\Uplay
0,D:/OneDrive/Pictures\HDD pictures\Photos\l4d2
0,D:/OneDrive/Pictures\HDD pictures\Lightroom\Lightroom Catalog Previews.lrdata\A
0,D:/OneDrive/Pictures\HDD pictures\Instagram\jared.turck_20190901\videos
0,D:/OneDrive/Pictures\HDD pictures\Instagram\jared.turck_20190901\stories
0,D:/OneDrive/Pictures\HDD pictures\Instagram\jared.turck_20190901\profile
0,D:/OneDrive/Pictures\HDD pictures\Instagram\jared.turck_20190901\photos
0,D:/OneDrive/Pictures\HDD pictures\Instagram\jared.turck_20190901\direct
0,D:/OneDrive/Pictures\HDD pictures\Bench Marks\Cinebench\CinebenchR20\resource\modules\embree.module\libs
0,D:/OneDrive/Pictures\HDD pictures\Bench Marks\Cinebench\CinebenchR20\resource\modules\c4dplugin\schemes
0,D:/OneDrive/Pictures\HDD pictures\Bench Marks\Cinebench\CinebenchR20\resource\modules
0,D:/OneDrive/Pictures\HDD pictures\Bench Marks\Cinebench\CinebenchR20\resource\libs
0,D:/OneDrive/Pictures\HDD pictures\Bench Marks\Cinebench\CinebenchR20\resource\language
0,D:/OneDrive/Pictures\HDD pictures\Bench Marks\Cinebench\CINEBENCHR15.038\CINEBENCH R15.038_RC184115\resource\schemes
0,D:/OneDrive/Pictures\HDD pictures\Bench Marks\Cinebench\CINEBENCHR15.038\CINEBENCH R15.038_RC184115\resource\modules\gv
0,D:/OneDrive/Pictures\HDD pictures\Bench Marks\Cinebench\CINEBENCHR15.038\CINEBENCH R15.038_RC184115\resource\modules
0,D:/OneDrive/Pictures\HDD pictures\Bench Marks\Cinebench\CINEBENCHR15.038\CINEBENCH R15.038_RC184115\resource\libs
0,D:/OneDrive/Pictures\HDD pictures\Bench Marks\Cinebench\CINEBENCHR15.038\CINEBENCH R15.038_RC184115\resource\html
0,D:/OneDrive/Pictures\HDD pictures\Bench Marks\Cinebench\CINEBENCHR15.038\CINEBENCH R15.038_RC184115\modules\advanced render
0,D:/OneDrive/Pictures\HDD pictures\Bench Marks\Cinebench\CINEBENCHR15.038\CINEBENCH R15.038_RC184115\modules
0,D:/OneDrive/Pictures\HDD pictures\Bench Marks\Cinebench\CINEBENCHR15.038
0,D:/OneDrive/Pictures\2021\P900
0,D:/OneDrive/Pictures\2021\May\cache\latest
0,D:/OneDrive/Pictures\2021\May\cache
0,D:/OneDrive/Pictures\2021\May\WhatsApp Images\Private
0,D:/OneDrive/Pictures\2021\June\cache\latest
0,D:/OneDrive/Pictures\2021\June\cache
0,D:/OneDrive/Pictures\2021\January\cache
0,D:/OneDrive/Pictures\2021\Feburary\phoneback replace\qpython\tmp
0,D:/OneDrive/Pictures\2021\Feburary\phoneback replace\qpython\lib\python3.6
0,D:/OneDrive/Pictures\2021\Feburary\phoneback replace\qpython\cache\pip\http\b\3\0\2
0,D:/OneDrive/Pictures\2021\Feburary\phoneback replace\qpython\cache\pip\http\b\3\0
0,D:/OneDrive/Pictures\2021\Feburary\phoneback replace\qpython\cache\pip\http\b\3
0,D:/OneDrive/Pictures\2021\Feburary\phoneback replace\qpython\cache\pip\http\b
0,D:/OneDrive/Pictures\2021\Feburary\phoneback replace\qpython\cache\pip\http\a\d\c\d
0,D:/OneDrive/Pictures\2021\Feburary\phoneback replace\qpython\cache\pip\http\a\d\c
0,D:/OneDrive/Pictures\2021\Feburary\phoneback replace\qpython\cache\pip\http\a\d
0,D:/OneDrive/Pictures\2021\Feburary\phoneback replace\qpython\cache\pip\http\a
0,D:/OneDrive/Pictures\2021\Feburary\phoneback replace\qpython\cache\pip\http\8\d\0\e
0,D:/OneDrive/Pictures\2021\Feburary\phoneback replace\qpython\cache\pip\http\8\d\0
0,D:/OneDrive/Pictures\2021\Feburary\phoneback replace\qpython\cache\pip\http\8\d
0,D:/OneDrive/Pictures\2021\Feburary\phoneback replace\qpython\cache\pip\http\8
0,D:/OneDrive/Pictures\2021\Feburary\phoneback replace\qpython\cache\pip\http\7\e\3\a
0,D:/OneDrive/Pictures\2021\Feburary\phoneback replace\qpython\cache\pip\http\7\e\3
0,D:/OneDrive/Pictures\2021\Feburary\phoneback replace\qpython\cache\pip\http\7\e
0,D:/OneDrive/Pictures\2021\Feburary\phoneback replace\qpython\cache\pip\http\7
0,D:/OneDrive/Pictures\2021\Feburary\phoneback replace\qpython\cache\pip\http
0,D:/OneDrive/Pictures\2021\Feburary\phoneback replace\qpython\cache\pip
0,D:/OneDrive/Pictures\2021\Feburary\phoneback replace\qpython\cache
0,D:/OneDrive/Pictures\2021\Feburary\phoneback replace\WhatsApp\Media\WhatsApp Voice Notes\202105
0,D:/OneDrive/Pictures\2021\Feburary\phoneback replace\WhatsApp\Media\WhatsApp Voice Notes
0,D:/OneDrive/Pictures\2021\Feburary\phoneback replace\WhatsApp\Media\WhatsApp Video\Sent
0,D:/OneDrive/Pictures\2021\Feburary\phoneback replace\WhatsApp\Media\WhatsApp Video\Private
0,D:/OneDrive/Pictures\2021\Feburary\phoneback replace\WhatsApp\Media\WhatsApp Stickers
0,D:/OneDrive/Pictures\2021\Feburary\phoneback replace\WhatsApp\Media\WhatsApp Profile Photos
0,D:/OneDrive/Pictures\2021\Feburary\phoneback replace\WhatsApp\Media\WhatsApp Images\Private
0,D:/OneDrive/Pictures\2021\Feburary\phoneback replace\WhatsApp\Media\WhatsApp Documents\Private
0,D:/OneDrive/Pictures\2021\Feburary\phoneback replace\WhatsApp\Media\WhatsApp Audio\Private
0,D:/OneDrive/Pictures\2021\Feburary\phoneback replace\WhatsApp\Media\WhatsApp Audio
0,D:/OneDrive/Pictures\2021\Feburary\phoneback replace\WhatsApp\Media\WhatsApp Animated Gifs\Sent
0,D:/OneDrive/Pictures\2021\Feburary\phoneback replace\WhatsApp\Media\WhatsApp Animated Gifs\Private
0,D:/OneDrive/Pictures\2021\Feburary\phoneback replace\WhatsApp\Media\WhatsApp Animated Gifs
0,D:/OneDrive/Pictures\2021\Feburary\phoneback replace\WhatsApp\Media\WallPaper
0,D:/OneDrive/Pictures\2021\Feburary\phoneback replace\WhatsApp\Media
0,D:/OneDrive/Pictures\2021\Feburary\phoneback replace\WhatsApp\Backups\Wallpapers
0,D:/OneDrive/Pictures\2021\Feburary\phoneback replace\WhatsApp\.trash
0,D:/OneDrive/Pictures\2021\Feburary\phoneback replace\WhatsApp\.Shared
0,D:/OneDrive/Pictures\2021\Feburary\phoneback replace\WhatsApp
0,D:/OneDrive/Pictures\2021\Feburary\phoneback replace\Pictures\Discord
0,D:/OneDrive/Pictures\2021\Feburary\phoneback replace\Pictures\.Gallery2\recycle\bins
0,D:/OneDrive/Pictures\2021\Feburary\phoneback replace\Pictures\.Gallery2\recycle
0,D:/OneDrive/Pictures\2021\Feburary\phoneback replace\Pictures\.Gallery2
0,D:/OneDrive/Pictures\2021\Feburary\phoneback replace\Pictures
0,D:/OneDrive/Pictures\2021\Feburary\phoneback replace\Nikon_WU\Card\D16092020_001
0,D:/OneDrive/Pictures\2021\Feburary\phoneback replace\Nikon_WU\Card
0,D:/OneDrive/Pictures\2021\Feburary\phoneback replace\Nikon_WU\Capture
0,D:/OneDrive/Pictures\2021\Feburary\phoneback replace\Nikon_WU\.Cache\Transfer
0,D:/OneDrive/Pictures\2021\Feburary\phoneback replace\Nikon_WU\.Cache\Image
0,D:/OneDrive/Pictures\2021\Feburary\phoneback replace\Nikon_WU\.Cache
0,D:/OneDrive/Pictures\2021\Feburary\phoneback replace\Nikon_WU
0,D:/OneDrive/Pictures\2021\Feburary\phoneback replace\Movies\cyberlink
0,D:/OneDrive/Pictures\2021\Feburary\phoneback replace\Movies
0,D:/OneDrive/Pictures\2021\Feburary\phoneback replace\InstaDownload
0,D:/OneDrive/Pictures\2021\Feburary\phoneback replace\Huawei\Themes\.cache
0,D:/OneDrive/Pictures\2021\Feburary\phoneback replace\Huawei\Themes
0,D:/OneDrive/Pictures\2021\Feburary\phoneback replace\Huawei\CloudDrive\.thumbnail
0,D:/OneDrive/Pictures\2021\Feburary\phoneback replace\Huawei\CloudDrive
0,D:/OneDrive/Pictures\2021\Feburary\phoneback replace\Huawei
0,D:/OneDrive/Pictures\2021\Feburary\phoneback replace\DCIM\Camera\cache
0,D:/OneDrive/Pictures\2021\Feburary\phoneback replace\DCIM
0,D:/OneDrive/Pictures\2021\Feburary\cache
0,D:/OneDrive/Pictures\2021\April\cache\latest
0,D:/OneDrive/Pictures\2021\April\cache
0,D:/OneDrive/Pictures\2021
0,D:/OneDrive/Pictures\2020\September\cache
0,D:/OneDrive/Pictures\2020\P900
0,D:/OneDrive/Pictures\2020\October\cache
0,D:/OneDrive/Pictures\2020\October\WhatsApp Images\Private
0,D:/OneDrive/Pictures\2020\October\.Gallery2\recycle\bins
0,D:/OneDrive/Pictures\2020\October\.Gallery2\recycle
0,D:/OneDrive/Pictures\2020\October\.Gallery2
0,D:/OneDrive/Pictures\2020\March\cache
0,D:/OneDrive/Pictures\2020\March\WhatsApp Images\Private
0,D:/OneDrive/Pictures\2020\June-July\cache
0,D:/OneDrive/Pictures\2020\July\WhatsApp Images\Private
0,D:/OneDrive/Pictures\2020\Febuary\cache
0,D:/OneDrive/Pictures\2020\August\cache
0,D:/OneDrive/Pictures\2020\August\WhatsApp Images\Private
0,D:/OneDrive/Pictures\2020\April\cache
0,D:/OneDrive/Pictures\2020\23-01-2020\cache
0,D:/OneDrive/Pictures\2020\15-01-2020\cache
0,D:/OneDrive/Pictures\2020
0,D:/OneDrive/Pictures\2019\P900
0,D:/OneDrive/Pictures\2019\24-08-2019 (Majorca)\cache
0,D:/OneDrive/Pictures\2019\15-09-2019 (helicopter ride)\cache
0,D:/OneDrive/Pictures\2019\10-03-2019\thumbnails
0,D:/OneDrive/Pictures\2019\08-08-2019 (US holiday)\cache
0,D:/OneDrive/Pictures\2019\08-08-2019 (US holiday)\US chat\jared.turck_20190901\videos
0,D:/OneDrive/Pictures\2019\08-08-2019 (US holiday)\US chat\jared.turck_20190901\stories
0,D:/OneDrive/Pictures\2019\08-08-2019 (US holiday)\US chat\jared.turck_20190901\profile
0,D:/OneDrive/Pictures\2019\08-08-2019 (US holiday)\US chat\jared.turck_20190901\photos
0,D:/OneDrive/Pictures\2019\08-08-2019 (US holiday)\US chat\jared.turck_20190901\direct
0,D:/OneDrive/Pictures\2019\01-12-2019\cache
0,D:/OneDrive/Pictures\2019\01-12-2019\WhatsApp\Media\WhatsApp Voice Notes
0,D:/OneDrive/Pictures\2019\01-12-2019\WhatsApp\Media\WhatsApp Video\Private
0,D:/OneDrive/Pictures\2019\01-12-2019\WhatsApp\Media\WhatsApp Stickers
0,D:/OneDrive/Pictures\2019\01-12-2019\WhatsApp\Media\WhatsApp Profile Photos
0,D:/OneDrive/Pictures\2019\01-12-2019\WhatsApp\Media\WhatsApp Images\Private
0,D:/OneDrive/Pictures\2019\01-12-2019\WhatsApp\Media\WhatsApp Documents\Sent
0,D:/OneDrive/Pictures\2019\01-12-2019\WhatsApp\Media\WhatsApp Documents\Private
0,D:/OneDrive/Pictures\2019\01-12-2019\WhatsApp\Media\WhatsApp Animated Gifs\Sent
0,D:/OneDrive/Pictures\2019\01-12-2019\WhatsApp\Media\WhatsApp Animated Gifs\Private
0,D:/OneDrive/Pictures\2019\01-12-2019\WhatsApp\Media\WhatsApp Animated Gifs
0,D:/OneDrive/Pictures\2019\01-12-2019\WhatsApp\Media\WallPaper
0,D:/OneDrive/Pictures\2019\01-12-2019\WhatsApp\Media\.Statuses
0,D:/OneDrive/Pictures\2019\01-12-2019\WhatsApp\Media
0,D:/OneDrive/Pictures\2019\01-12-2019\WhatsApp\.trash
0,D:/OneDrive/Pictures\2019\01-12-2019\WhatsApp\.Thumbs
0,D:/OneDrive/Pictures\2019\01-12-2019\WhatsApp\.Shared
0,D:/OneDrive/Pictures\2019\01-12-2019\WhatsApp
0,D:/OneDrive/Pictures\2019\01-12-2019\Nikon_WU\Card\D29092019_001
0,D:/OneDrive/Pictures\2019\01-12-2019\Nikon_WU\Card\D18112019_001
0,D:/OneDrive/Pictures\2019\01-12-2019\Nikon_WU\Card\D16102019_001
0,D:/OneDrive/Pictures\2019\01-12-2019\Nikon_WU\Card\D07102019_001
0,D:/OneDrive/Pictures\2019\01-12-2019\Nikon_WU\Card\D05102019_001
0,D:/OneDrive/Pictures\2019\01-12-2019\Nikon_WU\Card
0,D:/OneDrive/Pictures\2019\01-12-2019\Nikon_WU\Capture
0,D:/OneDrive/Pictures\2019\01-12-2019\Nikon_WU\.Cache
0,D:/OneDrive/Pictures\2019\01-12-2019\Nikon_WU
0,D:/OneDrive/Pictures\2019
0,D:/OneDrive/Pictures\2018
0,D:/OneDrive/Pictures\2017
0,D:/OneDrive/Pictures\2016
