2433460,D:/OneDrive/Pictures
0,D:/OneDrive/Pictures\2016
8389557322,D:/OneDrive/Pictures\2016\SA Photos
303972336,D:/OneDrive/Pictures\2016\SA Photos\New folder
99499724,D:/OneDrive/Pictures\2016\SA Photos\New folder\yes
0,D:/OneDrive/Pictures\2017
953261546,D:/OneDrive/Pictures\2017\08-10-2017
2215979889,D:/OneDrive/Pictures\2017\17-11-2017
0,D:/OneDrive/Pictures\2018
669097706,D:/OneDrive/Pictures\2018\12-02-2018
0,D:/OneDrive/Pictures\2019
746053638,D:/OneDrive/Pictures\2019\01-12-2019
305533211,D:/OneDrive/Pictures\2019\01-12-2019\.thumbnails
0,D:/OneDrive/Pictures\2019\01-12-2019\cache
2110688,D:/OneDrive/Pictures\2019\01-12-2019\cache\latest
1851250521,D:/OneDrive/Pictures\2019\01-12-2019\Download
0,D:/OneDrive/Pictures\2019\01-12-2019\Nikon_WU
0,D:/OneDrive/Pictures\2019\01-12-2019\Nikon_WU\.Cache
2365087,D:/OneDrive/Pictures\2019\01-12-2019\Nikon_WU\.Cache\Image
283831,D:/OneDrive/Pictures\2019\01-12-2019\Nikon_WU\.Cache\Thumbnail
3466152,D:/OneDrive/Pictures\2019\01-12-2019\Nikon_WU\.Cache\Transfer
0,D:/OneDrive/Pictures\2019\01-12-2019\Nikon_WU\Capture
1749583,D:/OneDrive/Pictures\2019\01-12-2019\Nikon_WU\Capture\C18112019_001
2611871,D:/OneDrive/Pictures\2019\01-12-2019\Nikon_WU\Capture\C29092019_001
3201866,D:/OneDrive/Pictures\2019\01-12-2019\Nikon_WU\Capture\C30092019_001
0,D:/OneDrive/Pictures\2019\01-12-2019\Nikon_WU\Card
0,D:/OneDrive/Pictures\2019\01-12-2019\Nikon_WU\Card\D05102019_001
4017385,D:/OneDrive/Pictures\2019\01-12-2019\Nikon_WU\Card\D05102019_001\100NIKON
0,D:/OneDrive/Pictures\2019\01-12-2019\Nikon_WU\Card\D07102019_001
32119383,D:/OneDrive/Pictures\2019\01-12-2019\Nikon_WU\Card\D07102019_001\100NIKON
0,D:/OneDrive/Pictures\2019\01-12-2019\Nikon_WU\Card\D16102019_001
3386777,D:/OneDrive/Pictures\2019\01-12-2019\Nikon_WU\Card\D16102019_001\100NIKON
0,D:/OneDrive/Pictures\2019\01-12-2019\Nikon_WU\Card\D18112019_001
3607332,D:/OneDrive/Pictures\2019\01-12-2019\Nikon_WU\Card\D18112019_001\100NIKON
0,D:/OneDrive/Pictures\2019\01-12-2019\Nikon_WU\Card\D29092019_001
2598035,D:/OneDrive/Pictures\2019\01-12-2019\Nikon_WU\Card\D29092019_001\100NIKON
20201594,D:/OneDrive/Pictures\2019\01-12-2019\Screenshots
0,D:/OneDrive/Pictures\2019\01-12-2019\WhatsApp
0,D:/OneDrive/Pictures\2019\01-12-2019\WhatsApp\.Shared
0,D:/OneDrive/Pictures\2019\01-12-2019\WhatsApp\.Thumbs
0,D:/OneDrive/Pictures\2019\01-12-2019\WhatsApp\.trash
359603,D:/OneDrive/Pictures\2019\01-12-2019\WhatsApp\Backups
36852635,D:/OneDrive/Pictures\2019\01-12-2019\WhatsApp\Databases
0,D:/OneDrive/Pictures\2019\01-12-2019\WhatsApp\Media
0,D:/OneDrive/Pictures\2019\01-12-2019\WhatsApp\Media\.Statuses
0,D:/OneDrive/Pictures\2019\01-12-2019\WhatsApp\Media\WallPaper
0,D:/OneDrive/Pictures\2019\01-12-2019\WhatsApp\Media\WhatsApp Animated Gifs
0,D:/OneDrive/Pictures\2019\01-12-2019\WhatsApp\Media\WhatsApp Animated Gifs\Private
0,D:/OneDrive/Pictures\2019\01-12-2019\WhatsApp\Media\WhatsApp Animated Gifs\Sent
5500954,D:/OneDrive/Pictures\2019\01-12-2019\WhatsApp\Media\WhatsApp Documents
0,D:/OneDrive/Pictures\2019\01-12-2019\WhatsApp\Media\WhatsApp Documents\Private
0,D:/OneDrive/Pictures\2019\01-12-2019\WhatsApp\Media\WhatsApp Documents\Sent
23130442,D:/OneDrive/Pictures\2019\01-12-2019\WhatsApp\Media\WhatsApp Images
0,D:/OneDrive/Pictures\2019\01-12-2019\WhatsApp\Media\WhatsApp Images\Private
27617469,D:/OneDrive/Pictures\2019\01-12-2019\WhatsApp\Media\WhatsApp Images\Sent
0,D:/OneDrive/Pictures\2019\01-12-2019\WhatsApp\Media\WhatsApp Profile Photos
0,D:/OneDrive/Pictures\2019\01-12-2019\WhatsApp\Media\WhatsApp Stickers
29292028,D:/OneDrive/Pictures\2019\01-12-2019\WhatsApp\Media\WhatsApp Video
0,D:/OneDrive/Pictures\2019\01-12-2019\WhatsApp\Media\WhatsApp Video\Private
43635844,D:/OneDrive/Pictures\2019\01-12-2019\WhatsApp\Media\WhatsApp Video\Sent
0,D:/OneDrive/Pictures\2019\01-12-2019\WhatsApp\Media\WhatsApp Voice Notes
5337246315,D:/OneDrive/Pictures\2019\08-08-2019 (US holiday)
272604411,D:/OneDrive/Pictures\2019\08-08-2019 (US holiday)\.thumbnails
0,D:/OneDrive/Pictures\2019\08-08-2019 (US holiday)\cache
371728,D:/OneDrive/Pictures\2019\08-08-2019 (US holiday)\cache\latest
234385437,D:/OneDrive/Pictures\2019\08-08-2019 (US holiday)\Screenshots
29482845,D:/OneDrive/Pictures\2019\08-08-2019 (US holiday)\Shelby Photos
2602192,D:/OneDrive/Pictures\2019\08-08-2019 (US holiday)\US chat
183613045,D:/OneDrive/Pictures\2019\08-08-2019 (US holiday)\US chat\alphabet
4563500,D:/OneDrive/Pictures\2019\08-08-2019 (US holiday)\US chat\jared.turck_20190901
0,D:/OneDrive/Pictures\2019\08-08-2019 (US holiday)\US chat\jared.turck_20190901\direct
210681,D:/OneDrive/Pictures\2019\08-08-2019 (US holiday)\US chat\jared.turck_20190901\direct\201901
3130122,D:/OneDrive/Pictures\2019\08-08-2019 (US holiday)\US chat\jared.turck_20190901\direct\201902
6813158,D:/OneDrive/Pictures\2019\08-08-2019 (US holiday)\US chat\jared.turck_20190901\direct\201903
13853683,D:/OneDrive/Pictures\2019\08-08-2019 (US holiday)\US chat\jared.turck_20190901\direct\201904
206050,D:/OneDrive/Pictures\2019\08-08-2019 (US holiday)\US chat\jared.turck_20190901\direct\201905
1428351,D:/OneDrive/Pictures\2019\08-08-2019 (US holiday)\US chat\jared.turck_20190901\direct\201906
42528556,D:/OneDrive/Pictures\2019\08-08-2019 (US holiday)\US chat\jared.turck_20190901\direct\201907
81566947,D:/OneDrive/Pictures\2019\08-08-2019 (US holiday)\US chat\jared.turck_20190901\direct\201908
32362,D:/OneDrive/Pictures\2019\08-08-2019 (US holiday)\US chat\jared.turck_20190901\direct\201909
0,D:/OneDrive/Pictures\2019\08-08-2019 (US holiday)\US chat\jared.turck_20190901\photos
3029950,D:/OneDrive/Pictures\2019\08-08-2019 (US holiday)\US chat\jared.turck_20190901\photos\201803
366008,D:/OneDrive/Pictures\2019\08-08-2019 (US holiday)\US chat\jared.turck_20190901\photos\201804
347234,D:/OneDrive/Pictures\2019\08-08-2019 (US holiday)\US chat\jared.turck_20190901\photos\201807
235953,D:/OneDrive/Pictures\2019\08-08-2019 (US holiday)\US chat\jared.turck_20190901\photos\201808
46866,D:/OneDrive/Pictures\2019\08-08-2019 (US holiday)\US chat\jared.turck_20190901\photos\201810
287286,D:/OneDrive/Pictures\2019\08-08-2019 (US holiday)\US chat\jared.turck_20190901\photos\201901
1263959,D:/OneDrive/Pictures\2019\08-08-2019 (US holiday)\US chat\jared.turck_20190901\photos\201902
5641933,D:/OneDrive/Pictures\2019\08-08-2019 (US holiday)\US chat\jared.turck_20190901\photos\201903
9984087,D:/OneDrive/Pictures\2019\08-08-2019 (US holiday)\US chat\jared.turck_20190901\photos\201904
3407098,D:/OneDrive/Pictures\2019\08-08-2019 (US holiday)\US chat\jared.turck_20190901\photos\201905
10901834,D:/OneDrive/Pictures\2019\08-08-2019 (US holiday)\US chat\jared.turck_20190901\photos\201906
22592604,D:/OneDrive/Pictures\2019\08-08-2019 (US holiday)\US chat\jared.turck_20190901\photos\201907
13026907,D:/OneDrive/Pictures\2019\08-08-2019 (US holiday)\US chat\jared.turck_20190901\photos\201908
0,D:/OneDrive/Pictures\2019\08-08-2019 (US holiday)\US chat\jared.turck_20190901\profile
98438,D:/OneDrive/Pictures\2019\08-08-2019 (US holiday)\US chat\jared.turck_20190901\profile\201803
0,D:/OneDrive/Pictures\2019\08-08-2019 (US holiday)\US chat\jared.turck_20190901\stories
19731129,D:/OneDrive/Pictures\2019\08-08-2019 (US holiday)\US chat\jared.turck_20190901\stories\201902
20232048,D:/OneDrive/Pictures\2019\08-08-2019 (US holiday)\US chat\jared.turck_20190901\stories\201903
2615184,D:/OneDrive/Pictures\2019\08-08-2019 (US holiday)\US chat\jared.turck_20190901\stories\201904
10485928,D:/OneDrive/Pictures\2019\08-08-2019 (US holiday)\US chat\jared.turck_20190901\stories\201905
3353858,D:/OneDrive/Pictures\2019\08-08-2019 (US holiday)\US chat\jared.turck_20190901\stories\201906
6560536,D:/OneDrive/Pictures\2019\08-08-2019 (US holiday)\US chat\jared.turck_20190901\stories\201907
21855310,D:/OneDrive/Pictures\2019\08-08-2019 (US holiday)\US chat\jared.turck_20190901\stories\201908
0,D:/OneDrive/Pictures\2019\08-08-2019 (US holiday)\US chat\jared.turck_20190901\videos
377851,D:/OneDrive/Pictures\2019\08-08-2019 (US holiday)\US chat\jared.turck_20190901\videos\201807
3813377,D:/OneDrive/Pictures\2019\08-08-2019 (US holiday)\US chat\jared.turck_20190901\videos\201809
5335093,D:/OneDrive/Pictures\2019\08-08-2019 (US holiday)\US chat\jared.turck_20190901\videos\201902
900727,D:/OneDrive/Pictures\2019\08-08-2019 (US holiday)\US chat\jared.turck_20190901\videos\201904
1969011,D:/OneDrive/Pictures\2019\08-08-2019 (US holiday)\US chat\jared.turck_20190901\videos\201906
35270840,D:/OneDrive/Pictures\2019\08-08-2019 (US holiday)\US chat\jared.turck_20190901\videos\201907
40159136,D:/OneDrive/Pictures\2019\08-08-2019 (US holiday)\US chat\jared.turck_20190901\videos\201908
36236265,D:/OneDrive/Pictures\2019\08-08-2019 (US holiday)\US chat\photos
4372560,D:/OneDrive/Pictures\2019\08-08-2019 (US holiday)\US photos collection
12268621769,D:/OneDrive/Pictures\2019\10-03-2019
459141249,D:/OneDrive/Pictures\2019\10-03-2019\.thumbnails
0,D:/OneDrive/Pictures\2019\10-03-2019\thumbnails
2804859462,D:/OneDrive/Pictures\2019\15-09-2019 (helicopter ride)
163502575,D:/OneDrive/Pictures\2019\15-09-2019 (helicopter ride)\.thumbnails
0,D:/OneDrive/Pictures\2019\15-09-2019 (helicopter ride)\cache
786448,D:/OneDrive/Pictures\2019\15-09-2019 (helicopter ride)\cache\latest
2530075,D:/OneDrive/Pictures\2019\15-09-2019 (helicopter ride)\Layout
247205996,D:/OneDrive/Pictures\2019\15-09-2019 (helicopter ride)\Screenshots
3938118145,D:/OneDrive/Pictures\2019\16-06-2019
262960887,D:/OneDrive/Pictures\2019\16-06-2019\.thumbnails
1351864,D:/OneDrive/Pictures\2019\16-06-2019\Layout
63065184,D:/OneDrive/Pictures\2019\16-06-2019\Screenshots
4657598417,D:/OneDrive/Pictures\2019\24-08-2019 (Majorca)
162502214,D:/OneDrive/Pictures\2019\24-08-2019 (Majorca)\.thumbnails
0,D:/OneDrive/Pictures\2019\24-08-2019 (Majorca)\cache
623824,D:/OneDrive/Pictures\2019\24-08-2019 (Majorca)\cache\latest
28426741846,D:/OneDrive/Pictures\2019\24-08-2019 (Majorca)\Mallorca
112440597,D:/OneDrive/Pictures\2019\24-08-2019 (Majorca)\Screenshots
12475449,D:/OneDrive/Pictures\2019\24-08-2019 (Majorca)\Screenshots\Instagram
960021,D:/OneDrive/Pictures\2019\maps
0,D:/OneDrive/Pictures\2019\P900
836662987,D:/OneDrive/Pictures\2019\P900\08-10-2019
501533839,D:/OneDrive/Pictures\2019\P900\09-10-2019
895833692,D:/OneDrive/Pictures\2019\P900\1-11-2019 (fire works)
605980779,D:/OneDrive/Pictures\2019\P900\28-09-2019
416747796,D:/OneDrive/Pictures\2019\P900\November-2019
169312982,D:/OneDrive/Pictures\2019\P900\October-2019
0,D:/OneDrive/Pictures\2020
729184363,D:/OneDrive/Pictures\2020\15-01-2020
0,D:/OneDrive/Pictures\2020\15-01-2020\cache
623824,D:/OneDrive/Pictures\2020\15-01-2020\cache\latest
210987785,D:/OneDrive/Pictures\2020\23-01-2020
129414960,D:/OneDrive/Pictures\2020\23-01-2020\.thumbnails
0,D:/OneDrive/Pictures\2020\23-01-2020\cache
623824,D:/OneDrive/Pictures\2020\23-01-2020\cache\latest
57921752,D:/OneDrive/Pictures\2020\23-01-2020\Download
1972216059,D:/OneDrive/Pictures\2020\April
117650411,D:/OneDrive/Pictures\2020\April\.thumbnails
0,D:/OneDrive/Pictures\2020\April\cache
39097929,D:/OneDrive/Pictures\2020\April\Screenshots
1610040224,D:/OneDrive/Pictures\2020\August
6409776,D:/OneDrive/Pictures\2020\August\.thumbnails
0,D:/OneDrive/Pictures\2020\August\cache
2495296,D:/OneDrive/Pictures\2020\August\cache\latest
18576728,D:/OneDrive/Pictures\2020\August\Download
67830515,D:/OneDrive/Pictures\2020\August\Image
26968009,D:/OneDrive/Pictures\2020\August\Screenshots
15737083,D:/OneDrive/Pictures\2020\August\WhatsApp Images
0,D:/OneDrive/Pictures\2020\August\WhatsApp Images\Private
2832473,D:/OneDrive/Pictures\2020\August\WhatsApp Images\Sent
771236434,D:/OneDrive/Pictures\2020\Febuary
18563343,D:/OneDrive/Pictures\2020\Febuary\.thumbnails
0,D:/OneDrive/Pictures\2020\Febuary\cache
1241280,D:/OneDrive/Pictures\2020\Febuary\cache\latest
127695488,D:/OneDrive/Pictures\2020\Febuary\Motorbike Crash (8th Febuary)
5873518,D:/OneDrive/Pictures\2020\Febuary\Screenshots
249719,D:/OneDrive/Pictures\2020\Febuary\WhatsApp Images
487968517,D:/OneDrive/Pictures\2020\July
5061471,D:/OneDrive/Pictures\2020\July\.thumbnails
1029901,D:/OneDrive/Pictures\2020\July\cache
1247648,D:/OneDrive/Pictures\2020\July\cache\latest
282846407,D:/OneDrive/Pictures\2020\July\Download
28099702,D:/OneDrive/Pictures\2020\July\Screenshots
259422330,D:/OneDrive/Pictures\2020\July\WhatsApp Images
0,D:/OneDrive/Pictures\2020\July\WhatsApp Images\Private
16893831,D:/OneDrive/Pictures\2020\July\WhatsApp Images\Sent
457656957,D:/OneDrive/Pictures\2020\June-July
3008191,D:/OneDrive/Pictures\2020\June-July\.thumbnails
0,D:/OneDrive/Pictures\2020\June-July\cache
623824,D:/OneDrive/Pictures\2020\June-July\cache\latest
1439978,D:/OneDrive/Pictures\2020\June-July\Instagram
48455386,D:/OneDrive/Pictures\2020\June-July\Screenshots
1065438648,D:/OneDrive/Pictures\2020\March
70661980,D:/OneDrive/Pictures\2020\March\.thumbnails
0,D:/OneDrive/Pictures\2020\March\cache
1871472,D:/OneDrive/Pictures\2020\March\cache\latest
26253182,D:/OneDrive/Pictures\2020\March\Screenshots
7604278,D:/OneDrive/Pictures\2020\March\WhatsApp Images
0,D:/OneDrive/Pictures\2020\March\WhatsApp Images\Private
2496515,D:/OneDrive/Pictures\2020\March\WhatsApp Images\Sent
561891086,D:/OneDrive/Pictures\2020\October
0,D:/OneDrive/Pictures\2020\October\.Gallery2
0,D:/OneDrive/Pictures\2020\October\.Gallery2\recycle
0,D:/OneDrive/Pictures\2020\October\.Gallery2\recycle\bins
1888829,D:/OneDrive/Pictures\2020\October\.Gallery2\recycle\bins\0
13159390,D:/OneDrive/Pictures\2020\October\.thumbnails
0,D:/OneDrive/Pictures\2020\October\cache
1410272,D:/OneDrive/Pictures\2020\October\cache\latest
158073997,D:/OneDrive/Pictures\2020\October\Download
215934423,D:/OneDrive/Pictures\2020\October\Screenshots
11243924,D:/OneDrive/Pictures\2020\October\WhatsApp Images
0,D:/OneDrive/Pictures\2020\October\WhatsApp Images\Private
1090935,D:/OneDrive/Pictures\2020\October\WhatsApp Images\Sent
0,D:/OneDrive/Pictures\2020\P900
239641586,D:/OneDrive/Pictures\2020\P900\15-01-2020
651586018,D:/OneDrive/Pictures\2020\P900\April
2527916493,D:/OneDrive/Pictures\2020\P900\August
1199764590,D:/OneDrive/Pictures\2020\P900\December
23540764,D:/OneDrive/Pictures\2020\P900\January-2020
246170203,D:/OneDrive/Pictures\2020\P900\July
10631477,D:/OneDrive/Pictures\2020\P900\July\good
353477329,D:/OneDrive/Pictures\2020\P900\June
631809507,D:/OneDrive/Pictures\2020\P900\March-2020
1655186665,D:/OneDrive/Pictures\2020\P900\March-Rugby weekend
90151131,D:/OneDrive/Pictures\2020\P900\March-Rugby weekend\action shots
285206231,D:/OneDrive/Pictures\2020\P900\May
3939570906,D:/OneDrive/Pictures\2020\September
0,D:/OneDrive/Pictures\2020\September\cache
2495296,D:/OneDrive/Pictures\2020\September\cache\latest
0,D:/OneDrive/Pictures\2021
501979989,D:/OneDrive/Pictures\2021\April
36172139,D:/OneDrive/Pictures\2021\April\.thumbnails
0,D:/OneDrive/Pictures\2021\April\cache
0,D:/OneDrive/Pictures\2021\April\cache\latest
309637,D:/OneDrive/Pictures\2021\April\Instagram
38823829,D:/OneDrive/Pictures\2021\April\Screenshots
1127477190,D:/OneDrive/Pictures\2021\Feburary
0,D:/OneDrive/Pictures\2021\Feburary\cache
623824,D:/OneDrive/Pictures\2021\Feburary\cache\latest
36,D:/OneDrive/Pictures\2021\Feburary\phoneback replace
0,D:/OneDrive/Pictures\2021\Feburary\phoneback replace\DCIM
15320354,D:/OneDrive/Pictures\2021\Feburary\phoneback replace\DCIM\Camera
0,D:/OneDrive/Pictures\2021\Feburary\phoneback replace\DCIM\Camera\cache
623824,D:/OneDrive/Pictures\2021\Feburary\phoneback replace\DCIM\Camera\cache\latest
116608823,D:/OneDrive/Pictures\2021\Feburary\phoneback replace\Download
0,D:/OneDrive/Pictures\2021\Feburary\phoneback replace\Huawei
0,D:/OneDrive/Pictures\2021\Feburary\phoneback replace\Huawei\CloudDrive
0,D:/OneDrive/Pictures\2021\Feburary\phoneback replace\Huawei\CloudDrive\.thumbnail
454107,D:/OneDrive/Pictures\2021\Feburary\phoneback replace\Huawei\CloudDrive\.thumbnail\category
0,D:/OneDrive/Pictures\2021\Feburary\phoneback replace\Huawei\Themes
0,D:/OneDrive/Pictures\2021\Feburary\phoneback replace\Huawei\Themes\.cache
316,D:/OneDrive/Pictures\2021\Feburary\phoneback replace\Huawei\Themes\.cache\CaribbeanBeach.hwt
4036461,D:/OneDrive/Pictures\2021\Feburary\phoneback replace\Huawei\Themes\.cache\CaribbeanBeach.hwt\preview
2141561,D:/OneDrive/Pictures\2021\Feburary\phoneback replace\Huawei\Themes\.cache\CaribbeanBeach.hwt\wallpaper
307,D:/OneDrive/Pictures\2021\Feburary\phoneback replace\Huawei\Themes\.cache\Craftsman.hwt
1457424,D:/OneDrive/Pictures\2021\Feburary\phoneback replace\Huawei\Themes\.cache\Craftsman.hwt\preview
225060,D:/OneDrive/Pictures\2021\Feburary\phoneback replace\Huawei\Themes\.cache\Craftsman.hwt\wallpaper
363,D:/OneDrive/Pictures\2021\Feburary\phoneback replace\Huawei\Themes\.cache\Firefly.hwt
2127971,D:/OneDrive/Pictures\2021\Feburary\phoneback replace\Huawei\Themes\.cache\Firefly.hwt\preview
2832070,D:/OneDrive/Pictures\2021\Feburary\phoneback replace\Huawei\Themes\.cache\Firefly.hwt\wallpaper
306,D:/OneDrive/Pictures\2021\Feburary\phoneback replace\Huawei\Themes\.cache\Firework.hwt
1655954,D:/OneDrive/Pictures\2021\Feburary\phoneback replace\Huawei\Themes\.cache\Firework.hwt\preview
1635662,D:/OneDrive/Pictures\2021\Feburary\phoneback replace\Huawei\Themes\.cache\Firework.hwt\wallpaper
299,D:/OneDrive/Pictures\2021\Feburary\phoneback replace\Huawei\Themes\.cache\Flowers.hwt
3038366,D:/OneDrive/Pictures\2021\Feburary\phoneback replace\Huawei\Themes\.cache\Flowers.hwt\preview
2094159,D:/OneDrive/Pictures\2021\Feburary\phoneback replace\Huawei\Themes\.cache\Flowers.hwt\wallpaper
304,D:/OneDrive/Pictures\2021\Feburary\phoneback replace\Huawei\Themes\.cache\Golden.hwt
1606176,D:/OneDrive/Pictures\2021\Feburary\phoneback replace\Huawei\Themes\.cache\Golden.hwt\preview
702982,D:/OneDrive/Pictures\2021\Feburary\phoneback replace\Huawei\Themes\.cache\Golden.hwt\wallpaper
375,D:/OneDrive/Pictures\2021\Feburary\phoneback replace\Huawei\Themes\.cache\HWFont.hwt
648048,D:/OneDrive/Pictures\2021\Feburary\phoneback replace\Huawei\Themes\.cache\HWFont.hwt\fonts
14079,D:/OneDrive/Pictures\2021\Feburary\phoneback replace\Huawei\Themes\.cache\HWFont.hwt\preview
322,D:/OneDrive/Pictures\2021\Feburary\phoneback replace\Huawei\Themes\.cache\Paradise.hwt
1858752,D:/OneDrive/Pictures\2021\Feburary\phoneback replace\Huawei\Themes\.cache\Paradise.hwt\preview
1384718,D:/OneDrive/Pictures\2021\Feburary\phoneback replace\Huawei\Themes\.cache\Paradise.hwt\wallpaper
303,D:/OneDrive/Pictures\2021\Feburary\phoneback replace\Huawei\Themes\.cache\Pearl.hwt
2848701,D:/OneDrive/Pictures\2021\Feburary\phoneback replace\Huawei\Themes\.cache\Pearl.hwt\preview
2286506,D:/OneDrive/Pictures\2021\Feburary\phoneback replace\Huawei\Themes\.cache\Pearl.hwt\wallpaper
363,D:/OneDrive/Pictures\2021\Feburary\phoneback replace\Huawei\Themes\.cache\Rainbow.hwt
3062610,D:/OneDrive/Pictures\2021\Feburary\phoneback replace\Huawei\Themes\.cache\Rainbow.hwt\preview
2187179,D:/OneDrive/Pictures\2021\Feburary\phoneback replace\Huawei\Themes\.cache\Rainbow.hwt\wallpaper
303,D:/OneDrive/Pictures\2021\Feburary\phoneback replace\Huawei\Themes\.cache\Ripple10.hwt
2707561,D:/OneDrive/Pictures\2021\Feburary\phoneback replace\Huawei\Themes\.cache\Ripple10.hwt\preview
559907,D:/OneDrive/Pictures\2021\Feburary\phoneback replace\Huawei\Themes\.cache\Ripple10.hwt\wallpaper
302,D:/OneDrive/Pictures\2021\Feburary\phoneback replace\Huawei\Themes\.cache\Rose.hwt
2367013,D:/OneDrive/Pictures\2021\Feburary\phoneback replace\Huawei\Themes\.cache\Rose.hwt\preview
1886856,D:/OneDrive/Pictures\2021\Feburary\phoneback replace\Huawei\Themes\.cache\Rose.hwt\wallpaper
306,D:/OneDrive/Pictures\2021\Feburary\phoneback replace\Huawei\Themes\.cache\Speedway.hwt
1543485,D:/OneDrive/Pictures\2021\Feburary\phoneback replace\Huawei\Themes\.cache\Speedway.hwt\preview
643876,D:/OneDrive/Pictures\2021\Feburary\phoneback replace\Huawei\Themes\.cache\Speedway.hwt\wallpaper
303,D:/OneDrive/Pictures\2021\Feburary\phoneback replace\Huawei\Themes\.cache\Sweet.hwt
1621641,D:/OneDrive/Pictures\2021\Feburary\phoneback replace\Huawei\Themes\.cache\Sweet.hwt\preview
2523565,D:/OneDrive/Pictures\2021\Feburary\phoneback replace\Huawei\Themes\.cache\Sweet.hwt\wallpaper
300,D:/OneDrive/Pictures\2021\Feburary\phoneback replace\Huawei\Themes\.cache\Venus.hwt
1824984,D:/OneDrive/Pictures\2021\Feburary\phoneback replace\Huawei\Themes\.cache\Venus.hwt\preview
2071003,D:/OneDrive/Pictures\2021\Feburary\phoneback replace\Huawei\Themes\.cache\Venus.hwt\wallpaper
308,D:/OneDrive/Pictures\2021\Feburary\phoneback replace\Huawei\Themes\.cache\Watercolor.hwt
2234228,D:/OneDrive/Pictures\2021\Feburary\phoneback replace\Huawei\Themes\.cache\Watercolor.hwt\preview
2464626,D:/OneDrive/Pictures\2021\Feburary\phoneback replace\Huawei\Themes\.cache\Watercolor.hwt\wallpaper
40167,D:/OneDrive/Pictures\2021\Feburary\phoneback replace\Huawei\Themes\themecache
0,D:/OneDrive/Pictures\2021\Feburary\phoneback replace\InstaDownload
3178429,D:/OneDrive/Pictures\2021\Feburary\phoneback replace\InstaDownload\Images
62112473,D:/OneDrive/Pictures\2021\Feburary\phoneback replace\InstaDownload\Videos
0,D:/OneDrive/Pictures\2021\Feburary\phoneback replace\Movies
2134212,D:/OneDrive/Pictures\2021\Feburary\phoneback replace\Movies\.thumbnails
0,D:/OneDrive/Pictures\2021\Feburary\phoneback replace\Movies\cyberlink
5652482,D:/OneDrive/Pictures\2021\Feburary\phoneback replace\Movies\cyberlink\ActionDirector
0,D:/OneDrive/Pictures\2021\Feburary\phoneback replace\Nikon_WU
0,D:/OneDrive/Pictures\2021\Feburary\phoneback replace\Nikon_WU\.Cache
0,D:/OneDrive/Pictures\2021\Feburary\phoneback replace\Nikon_WU\.Cache\Image
591949,D:/OneDrive/Pictures\2021\Feburary\phoneback replace\Nikon_WU\.Cache\Thumbnail
0,D:/OneDrive/Pictures\2021\Feburary\phoneback replace\Nikon_WU\.Cache\Transfer
0,D:/OneDrive/Pictures\2021\Feburary\phoneback replace\Nikon_WU\Capture
0,D:/OneDrive/Pictures\2021\Feburary\phoneback replace\Nikon_WU\Card
0,D:/OneDrive/Pictures\2021\Feburary\phoneback replace\Nikon_WU\Card\D16092020_001
7201976,D:/OneDrive/Pictures\2021\Feburary\phoneback replace\Nikon_WU\Card\D16092020_001\100NIKON
0,D:/OneDrive/Pictures\2021\Feburary\phoneback replace\Pictures
0,D:/OneDrive/Pictures\2021\Feburary\phoneback replace\Pictures\.Gallery2
0,D:/OneDrive/Pictures\2021\Feburary\phoneback replace\Pictures\.Gallery2\recycle
0,D:/OneDrive/Pictures\2021\Feburary\phoneback replace\Pictures\.Gallery2\recycle\bins
810126,D:/OneDrive/Pictures\2021\Feburary\phoneback replace\Pictures\.Gallery2\recycle\bins\0
8779261,D:/OneDrive/Pictures\2021\Feburary\phoneback replace\Pictures\.thumbnails
0,D:/OneDrive/Pictures\2021\Feburary\phoneback replace\Pictures\Discord
20980260,D:/OneDrive/Pictures\2021\Feburary\phoneback replace\Pictures\Screenshots
53,D:/OneDrive/Pictures\2021\Feburary\phoneback replace\qpython
0,D:/OneDrive/Pictures\2021\Feburary\phoneback replace\qpython\cache
0,D:/OneDrive/Pictures\2021\Feburary\phoneback replace\qpython\cache\pip
0,D:/OneDrive/Pictures\2021\Feburary\phoneback replace\qpython\cache\pip\http
0,D:/OneDrive/Pictures\2021\Feburary\phoneback replace\qpython\cache\pip\http\7
0,D:/OneDrive/Pictures\2021\Feburary\phoneback replace\qpython\cache\pip\http\7\e
0,D:/OneDrive/Pictures\2021\Feburary\phoneback replace\qpython\cache\pip\http\7\e\3
0,D:/OneDrive/Pictures\2021\Feburary\phoneback replace\qpython\cache\pip\http\7\e\3\a
19228,D:/OneDrive/Pictures\2021\Feburary\phoneback replace\qpython\cache\pip\http\7\e\3\a\0
0,D:/OneDrive/Pictures\2021\Feburary\phoneback replace\qpython\cache\pip\http\8
0,D:/OneDrive/Pictures\2021\Feburary\phoneback replace\qpython\cache\pip\http\8\d
0,D:/OneDrive/Pictures\2021\Feburary\phoneback replace\qpython\cache\pip\http\8\d\0
0,D:/OneDrive/Pictures\2021\Feburary\phoneback replace\qpython\cache\pip\http\8\d\0\e
9807,D:/OneDrive/Pictures\2021\Feburary\phoneback replace\qpython\cache\pip\http\8\d\0\e\1
0,D:/OneDrive/Pictures\2021\Feburary\phoneback replace\qpython\cache\pip\http\a
0,D:/OneDrive/Pictures\2021\Feburary\phoneback replace\qpython\cache\pip\http\a\d
0,D:/OneDrive/Pictures\2021\Feburary\phoneback replace\qpython\cache\pip\http\a\d\c
0,D:/OneDrive/Pictures\2021\Feburary\phoneback replace\qpython\cache\pip\http\a\d\c\d
127149,D:/OneDrive/Pictures\2021\Feburary\phoneback replace\qpython\cache\pip\http\a\d\c\d\d
0,D:/OneDrive/Pictures\2021\Feburary\phoneback replace\qpython\cache\pip\http\b
0,D:/OneDrive/Pictures\2021\Feburary\phoneback replace\qpython\cache\pip\http\b\3
0,D:/OneDrive/Pictures\2021\Feburary\phoneback replace\qpython\cache\pip\http\b\3\0
0,D:/OneDrive/Pictures\2021\Feburary\phoneback replace\qpython\cache\pip\http\b\3\0\2
903671,D:/OneDrive/Pictures\2021\Feburary\phoneback replace\qpython\cache\pip\http\b\3\0\2\5
13,D:/OneDrive/Pictures\2021\Feburary\phoneback replace\qpython\lib
0,D:/OneDrive/Pictures\2021\Feburary\phoneback replace\qpython\lib\python3.6
72862,D:/OneDrive/Pictures\2021\Feburary\phoneback replace\qpython\lib\python3.6\config-3.6m
526,D:/OneDrive/Pictures\2021\Feburary\phoneback replace\qpython\projects3
2346,D:/OneDrive/Pictures\2021\Feburary\phoneback replace\qpython\projects3\WeatherNotify
2310,D:/OneDrive/Pictures\2021\Feburary\phoneback replace\qpython\projects3\WeatherReport
2084,D:/OneDrive/Pictures\2021\Feburary\phoneback replace\qpython\projects3\WebAppSample
244,D:/OneDrive/Pictures\2021\Feburary\phoneback replace\qpython\scripts3
6565,D:/OneDrive/Pictures\2021\Feburary\phoneback replace\qpython\snippets3
0,D:/OneDrive/Pictures\2021\Feburary\phoneback replace\qpython\tmp
958854,D:/OneDrive/Pictures\2021\Feburary\phoneback replace\Sounds
340,D:/OneDrive/Pictures\2021\Feburary\phoneback replace\Sounds\.backup
0,D:/OneDrive/Pictures\2021\Feburary\phoneback replace\WhatsApp
0,D:/OneDrive/Pictures\2021\Feburary\phoneback replace\WhatsApp\.Shared
0,D:/OneDrive/Pictures\2021\Feburary\phoneback replace\WhatsApp\.trash
23922,D:/OneDrive/Pictures\2021\Feburary\phoneback replace\WhatsApp\Backups
0,D:/OneDrive/Pictures\2021\Feburary\phoneback replace\WhatsApp\Backups\Wallpapers
1285882,D:/OneDrive/Pictures\2021\Feburary\phoneback replace\WhatsApp\Databases
0,D:/OneDrive/Pictures\2021\Feburary\phoneback replace\WhatsApp\Media
138875,D:/OneDrive/Pictures\2021\Feburary\phoneback replace\WhatsApp\Media\.Statuses
0,D:/OneDrive/Pictures\2021\Feburary\phoneback replace\WhatsApp\Media\WallPaper
0,D:/OneDrive/Pictures\2021\Feburary\phoneback replace\WhatsApp\Media\WhatsApp Animated Gifs
0,D:/OneDrive/Pictures\2021\Feburary\phoneback replace\WhatsApp\Media\WhatsApp Animated Gifs\Private
0,D:/OneDrive/Pictures\2021\Feburary\phoneback replace\WhatsApp\Media\WhatsApp Animated Gifs\Sent
0,D:/OneDrive/Pictures\2021\Feburary\phoneback replace\WhatsApp\Media\WhatsApp Audio
0,D:/OneDrive/Pictures\2021\Feburary\phoneback replace\WhatsApp\Media\WhatsApp Audio\Private
2459616,D:/OneDrive/Pictures\2021\Feburary\phoneback replace\WhatsApp\Media\WhatsApp Audio\Sent
3444530,D:/OneDrive/Pictures\2021\Feburary\phoneback replace\WhatsApp\Media\WhatsApp Documents
0,D:/OneDrive/Pictures\2021\Feburary\phoneback replace\WhatsApp\Media\WhatsApp Documents\Private
34679,D:/OneDrive/Pictures\2021\Feburary\phoneback replace\WhatsApp\Media\WhatsApp Documents\Sent
22023607,D:/OneDrive/Pictures\2021\Feburary\phoneback replace\WhatsApp\Media\WhatsApp Images
0,D:/OneDrive/Pictures\2021\Feburary\phoneback replace\WhatsApp\Media\WhatsApp Images\Private
163147,D:/OneDrive/Pictures\2021\Feburary\phoneback replace\WhatsApp\Media\WhatsApp Images\Sent
0,D:/OneDrive/Pictures\2021\Feburary\phoneback replace\WhatsApp\Media\WhatsApp Profile Photos
0,D:/OneDrive/Pictures\2021\Feburary\phoneback replace\WhatsApp\Media\WhatsApp Stickers
324840490,D:/OneDrive/Pictures\2021\Feburary\phoneback replace\WhatsApp\Media\WhatsApp Video
0,D:/OneDrive/Pictures\2021\Feburary\phoneback replace\WhatsApp\Media\WhatsApp Video\Private
0,D:/OneDrive/Pictures\2021\Feburary\phoneback replace\WhatsApp\Media\WhatsApp Video\Sent
0,D:/OneDrive/Pictures\2021\Feburary\phoneback replace\WhatsApp\Media\WhatsApp Voice Notes
0,D:/OneDrive/Pictures\2021\Feburary\phoneback replace\WhatsApp\Media\WhatsApp Voice Notes\202105
1333932408,D:/OneDrive/Pictures\2021\January
13563519,D:/OneDrive/Pictures\2021\January\.thumbnails
0,D:/OneDrive/Pictures\2021\January\cache
623824,D:/OneDrive/Pictures\2021\January\cache\latest
141009737,D:/OneDrive/Pictures\2021\January\Download
169792026,D:/OneDrive/Pictures\2021\January\Screenshots
139021253,D:/OneDrive/Pictures\2021\June
27546125,D:/OneDrive/Pictures\2021\June\.thumbnails
0,D:/OneDrive/Pictures\2021\June\cache
0,D:/OneDrive/Pictures\2021\June\cache\latest
22202880,D:/OneDrive/Pictures\2021\June\Screenshots
216123411,D:/OneDrive/Pictures\2021\March
455172230,D:/OneDrive/Pictures\2021\May
84306838,D:/OneDrive/Pictures\2021\May\.thumbnails
0,D:/OneDrive/Pictures\2021\May\cache
0,D:/OneDrive/Pictures\2021\May\cache\latest
36504842,D:/OneDrive/Pictures\2021\May\WhatsApp Images
0,D:/OneDrive/Pictures\2021\May\WhatsApp Images\Private
651603,D:/OneDrive/Pictures\2021\May\WhatsApp Images\Sent
0,D:/OneDrive/Pictures\2021\P900
255528342,D:/OneDrive/Pictures\2021\P900\Febrary
812681477,D:/OneDrive/Pictures\2021\P900\May
190,D:/OneDrive/Pictures\Camera Roll
383477561,D:/OneDrive/Pictures\downloads
106269975,D:/OneDrive/Pictures\HDD pictures
9957977,D:/OneDrive/Pictures\HDD pictures\Bench Marks
2936086,D:/OneDrive/Pictures\HDD pictures\Bench Marks\3dmark results
11814613,D:/OneDrive/Pictures\HDD pictures\Bench Marks\Blender
322387471,D:/OneDrive/Pictures\HDD pictures\Bench Marks\Cinebench
0,D:/OneDrive/Pictures\HDD pictures\Bench Marks\Cinebench\CINEBENCHR15.038
24672614,D:/OneDrive/Pictures\HDD pictures\Bench Marks\Cinebench\CINEBENCHR15.038\CINEBENCH R15.038_RC184115
10318,D:/OneDrive/Pictures\HDD pictures\Bench Marks\Cinebench\CINEBENCHR15.038\CINEBENCH R15.038_RC184115\cb_ranking
0,D:/OneDrive/Pictures\HDD pictures\Bench Marks\Cinebench\CINEBENCHR15.038\CINEBENCH R15.038_RC184115\modules
0,D:/OneDrive/Pictures\HDD pictures\Bench Marks\Cinebench\CINEBENCHR15.038\CINEBENCH R15.038_RC184115\modules\advanced render
1730952,D:/OneDrive/Pictures\HDD pictures\Bench Marks\Cinebench\CINEBENCHR15.038\CINEBENCH R15.038_RC184115\modules\advanced render\advanced render
34708,D:/OneDrive/Pictures\HDD pictures\Bench Marks\Cinebench\CINEBENCHR15.038\CINEBENCH R15.038_RC184115\modules\advanced render\advanced render\res
73899,D:/OneDrive/Pictures\HDD pictures\Bench Marks\Cinebench\CINEBENCHR15.038\CINEBENCH R15.038_RC184115\modules\advanced render\advanced render\res\description
694,D:/OneDrive/Pictures\HDD pictures\Bench Marks\Cinebench\CINEBENCHR15.038\CINEBENCH R15.038_RC184115\modules\advanced render\advanced render\res\dialogs
6867,D:/OneDrive/Pictures\HDD pictures\Bench Marks\Cinebench\CINEBENCHR15.038\CINEBENCH R15.038_RC184115\modules\advanced render\advanced render\res\strings_us
29275,D:/OneDrive/Pictures\HDD pictures\Bench Marks\Cinebench\CINEBENCHR15.038\CINEBENCH R15.038_RC184115\modules\advanced render\advanced render\res\strings_us\description
116,D:/OneDrive/Pictures\HDD pictures\Bench Marks\Cinebench\CINEBENCHR15.038\CINEBENCH R15.038_RC184115\modules\advanced render\advanced render\res\strings_us\dialogs
2357640,D:/OneDrive/Pictures\HDD pictures\Bench Marks\Cinebench\CINEBENCHR15.038\CINEBENCH R15.038_RC184115\modules\advanced render\sky
166367,D:/OneDrive/Pictures\HDD pictures\Bench Marks\Cinebench\CINEBENCHR15.038\CINEBENCH R15.038_RC184115\modules\advanced render\sky\res
44658,D:/OneDrive/Pictures\HDD pictures\Bench Marks\Cinebench\CINEBENCHR15.038\CINEBENCH R15.038_RC184115\modules\advanced render\sky\res\description
3259,D:/OneDrive/Pictures\HDD pictures\Bench Marks\Cinebench\CINEBENCHR15.038\CINEBENCH R15.038_RC184115\modules\advanced render\sky\res\dialogs
4480,D:/OneDrive/Pictures\HDD pictures\Bench Marks\Cinebench\CINEBENCHR15.038\CINEBENCH R15.038_RC184115\modules\advanced render\sky\res\strings_us
22177,D:/OneDrive/Pictures\HDD pictures\Bench Marks\Cinebench\CINEBENCHR15.038\CINEBENCH R15.038_RC184115\modules\advanced render\sky\res\strings_us\description
800,D:/OneDrive/Pictures\HDD pictures\Bench Marks\Cinebench\CINEBENCHR15.038\CINEBENCH R15.038_RC184115\modules\advanced render\sky\res\strings_us\dialogs
2813832,D:/OneDrive/Pictures\HDD pictures\Bench Marks\Cinebench\CINEBENCHR15.038\CINEBENCH R15.038_RC184115\modules\mograph
2483,D:/OneDrive/Pictures\HDD pictures\Bench Marks\Cinebench\CINEBENCHR15.038\CINEBENCH R15.038_RC184115\modules\mograph\res
93233,D:/OneDrive/Pictures\HDD pictures\Bench Marks\Cinebench\CINEBENCHR15.038\CINEBENCH R15.038_RC184115\modules\mograph\res\description
4609,D:/OneDrive/Pictures\HDD pictures\Bench Marks\Cinebench\CINEBENCHR15.038\CINEBENCH R15.038_RC184115\modules\mograph\res\strings_us
34856,D:/OneDrive/Pictures\HDD pictures\Bench Marks\Cinebench\CINEBENCHR15.038\CINEBENCH R15.038_RC184115\modules\mograph\res\strings_us\description
84238,D:/OneDrive/Pictures\HDD pictures\Bench Marks\Cinebench\CINEBENCHR15.038\CINEBENCH R15.038_RC184115\plugins
49051,D:/OneDrive/Pictures\HDD pictures\Bench Marks\Cinebench\CINEBENCHR15.038\CINEBENCH R15.038_RC184115\plugins\bench
11684588,D:/OneDrive/Pictures\HDD pictures\Bench Marks\Cinebench\CINEBENCHR15.038\CINEBENCH R15.038_RC184115\plugins\bench\cpu
20319562,D:/OneDrive/Pictures\HDD pictures\Bench Marks\Cinebench\CINEBENCHR15.038\CINEBENCH R15.038_RC184115\plugins\bench\cpu\tex
24170547,D:/OneDrive/Pictures\HDD pictures\Bench Marks\Cinebench\CINEBENCHR15.038\CINEBENCH R15.038_RC184115\plugins\bench\ogl
23312652,D:/OneDrive/Pictures\HDD pictures\Bench Marks\Cinebench\CINEBENCHR15.038\CINEBENCH R15.038_RC184115\plugins\bench\ogl\refimages
21902897,D:/OneDrive/Pictures\HDD pictures\Bench Marks\Cinebench\CINEBENCHR15.038\CINEBENCH R15.038_RC184115\plugins\bench\ogl\tex
3125,D:/OneDrive/Pictures\HDD pictures\Bench Marks\Cinebench\CINEBENCHR15.038\CINEBENCH R15.038_RC184115\plugins\bench\res
1393,D:/OneDrive/Pictures\HDD pictures\Bench Marks\Cinebench\CINEBENCHR15.038\CINEBENCH R15.038_RC184115\plugins\bench\res\dialogs
14890,D:/OneDrive/Pictures\HDD pictures\Bench Marks\Cinebench\CINEBENCHR15.038\CINEBENCH R15.038_RC184115\plugins\bench\res\strings_de
405,D:/OneDrive/Pictures\HDD pictures\Bench Marks\Cinebench\CINEBENCHR15.038\CINEBENCH R15.038_RC184115\plugins\bench\res\strings_de\dialogs
14165,D:/OneDrive/Pictures\HDD pictures\Bench Marks\Cinebench\CINEBENCHR15.038\CINEBENCH R15.038_RC184115\plugins\bench\res\strings_us
386,D:/OneDrive/Pictures\HDD pictures\Bench Marks\Cinebench\CINEBENCHR15.038\CINEBENCH R15.038_RC184115\plugins\bench\res\strings_us\dialogs
491996,D:/OneDrive/Pictures\HDD pictures\Bench Marks\Cinebench\CINEBENCHR15.038\CINEBENCH R15.038_RC184115\resource
982073,D:/OneDrive/Pictures\HDD pictures\Bench Marks\Cinebench\CINEBENCHR15.038\CINEBENCH R15.038_RC184115\resource\bmp
0,D:/OneDrive/Pictures\HDD pictures\Bench Marks\Cinebench\CINEBENCHR15.038\CINEBENCH R15.038_RC184115\resource\html
171184,D:/OneDrive/Pictures\HDD pictures\Bench Marks\Cinebench\CINEBENCHR15.038\CINEBENCH R15.038_RC184115\resource\html\graphics
5103846,D:/OneDrive/Pictures\HDD pictures\Bench Marks\Cinebench\CINEBENCHR15.038\CINEBENCH R15.038_RC184115\resource\icons
0,D:/OneDrive/Pictures\HDD pictures\Bench Marks\Cinebench\CINEBENCHR15.038\CINEBENCH R15.038_RC184115\resource\libs
1482752,D:/OneDrive/Pictures\HDD pictures\Bench Marks\Cinebench\CINEBENCHR15.038\CINEBENCH R15.038_RC184115\resource\libs\win32
9742848,D:/OneDrive/Pictures\HDD pictures\Bench Marks\Cinebench\CINEBENCHR15.038\CINEBENCH R15.038_RC184115\resource\libs\win64
0,D:/OneDrive/Pictures\HDD pictures\Bench Marks\Cinebench\CINEBENCHR15.038\CINEBENCH R15.038_RC184115\resource\modules
57034,D:/OneDrive/Pictures\HDD pictures\Bench Marks\Cinebench\CINEBENCHR15.038\CINEBENCH R15.038_RC184115\resource\modules\coffee
0,D:/OneDrive/Pictures\HDD pictures\Bench Marks\Cinebench\CINEBENCHR15.038\CINEBENCH R15.038_RC184115\resource\modules\gv
984968,D:/OneDrive/Pictures\HDD pictures\Bench Marks\Cinebench\CINEBENCHR15.038\CINEBENCH R15.038_RC184115\resource\modules\gv\expressiontag
11413,D:/OneDrive/Pictures\HDD pictures\Bench Marks\Cinebench\CINEBENCHR15.038\CINEBENCH R15.038_RC184115\resource\modules\gv\expressiontag\res
55540,D:/OneDrive/Pictures\HDD pictures\Bench Marks\Cinebench\CINEBENCHR15.038\CINEBENCH R15.038_RC184115\resource\modules\gv\expressiontag\res\description
15107,D:/OneDrive/Pictures\HDD pictures\Bench Marks\Cinebench\CINEBENCHR15.038\CINEBENCH R15.038_RC184115\resource\modules\gv\expressiontag\res\strings_us
23468,D:/OneDrive/Pictures\HDD pictures\Bench Marks\Cinebench\CINEBENCHR15.038\CINEBENCH R15.038_RC184115\resource\modules\gv\expressiontag\res\strings_us\description
1039240,D:/OneDrive/Pictures\HDD pictures\Bench Marks\Cinebench\CINEBENCHR15.038\CINEBENCH R15.038_RC184115\resource\modules\gv\graphviewcore
6340,D:/OneDrive/Pictures\HDD pictures\Bench Marks\Cinebench\CINEBENCHR15.038\CINEBENCH R15.038_RC184115\resource\modules\gv\graphviewcore\res
733,D:/OneDrive/Pictures\HDD pictures\Bench Marks\Cinebench\CINEBENCHR15.038\CINEBENCH R15.038_RC184115\resource\modules\gv\graphviewcore\res\description
11475,D:/OneDrive/Pictures\HDD pictures\Bench Marks\Cinebench\CINEBENCHR15.038\CINEBENCH R15.038_RC184115\resource\modules\gv\graphviewcore\res\strings_us
277,D:/OneDrive/Pictures\HDD pictures\Bench Marks\Cinebench\CINEBENCHR15.038\CINEBENCH R15.038_RC184115\resource\modules\gv\graphviewcore\res\strings_us\description
5018504,D:/OneDrive/Pictures\HDD pictures\Bench Marks\Cinebench\CINEBENCHR15.038\CINEBENCH R15.038_RC184115\resource\modules\modeling
17946,D:/OneDrive/Pictures\HDD pictures\Bench Marks\Cinebench\CINEBENCHR15.038\CINEBENCH R15.038_RC184115\resource\modules\modeling\res
74631,D:/OneDrive/Pictures\HDD pictures\Bench Marks\Cinebench\CINEBENCHR15.038\CINEBENCH R15.038_RC184115\resource\modules\modeling\res\description
3460,D:/OneDrive/Pictures\HDD pictures\Bench Marks\Cinebench\CINEBENCHR15.038\CINEBENCH R15.038_RC184115\resource\modules\modeling\res\dialogs
29273,D:/OneDrive/Pictures\HDD pictures\Bench Marks\Cinebench\CINEBENCHR15.038\CINEBENCH R15.038_RC184115\resource\modules\modeling\res\strings_us
32792,D:/OneDrive/Pictures\HDD pictures\Bench Marks\Cinebench\CINEBENCHR15.038\CINEBENCH R15.038_RC184115\resource\modules\modeling\res\strings_us\description
1176,D:/OneDrive/Pictures\HDD pictures\Bench Marks\Cinebench\CINEBENCHR15.038\CINEBENCH R15.038_RC184115\resource\modules\modeling\res\strings_us\dialogs
5072776,D:/OneDrive/Pictures\HDD pictures\Bench Marks\Cinebench\CINEBENCHR15.038\CINEBENCH R15.038_RC184115\resource\modules\newman
474109,D:/OneDrive/Pictures\HDD pictures\Bench Marks\Cinebench\CINEBENCHR15.038\CINEBENCH R15.038_RC184115\resource\modules\newman\res
38661,D:/OneDrive/Pictures\HDD pictures\Bench Marks\Cinebench\CINEBENCHR15.038\CINEBENCH R15.038_RC184115\resource\modules\newman\res\description
37533,D:/OneDrive/Pictures\HDD pictures\Bench Marks\Cinebench\CINEBENCHR15.038\CINEBENCH R15.038_RC184115\resource\modules\newman\res\dialogs
1211,D:/OneDrive/Pictures\HDD pictures\Bench Marks\Cinebench\CINEBENCHR15.038\CINEBENCH R15.038_RC184115\resource\modules\newman\res\menu
83087,D:/OneDrive/Pictures\HDD pictures\Bench Marks\Cinebench\CINEBENCHR15.038\CINEBENCH R15.038_RC184115\resource\modules\newman\res\strings_us
16367,D:/OneDrive/Pictures\HDD pictures\Bench Marks\Cinebench\CINEBENCHR15.038\CINEBENCH R15.038_RC184115\resource\modules\newman\res\strings_us\description
13056,D:/OneDrive/Pictures\HDD pictures\Bench Marks\Cinebench\CINEBENCHR15.038\CINEBENCH R15.038_RC184115\resource\modules\newman\res\strings_us\dialogs
3737480,D:/OneDrive/Pictures\HDD pictures\Bench Marks\Cinebench\CINEBENCHR15.038\CINEBENCH R15.038_RC184115\resource\modules\objects
20455,D:/OneDrive/Pictures\HDD pictures\Bench Marks\Cinebench\CINEBENCHR15.038\CINEBENCH R15.038_RC184115\resource\modules\objects\res
94740,D:/OneDrive/Pictures\HDD pictures\Bench Marks\Cinebench\CINEBENCHR15.038\CINEBENCH R15.038_RC184115\resource\modules\objects\res\description
4218,D:/OneDrive/Pictures\HDD pictures\Bench Marks\Cinebench\CINEBENCHR15.038\CINEBENCH R15.038_RC184115\resource\modules\objects\res\dialogs
7188,D:/OneDrive/Pictures\HDD pictures\Bench Marks\Cinebench\CINEBENCHR15.038\CINEBENCH R15.038_RC184115\resource\modules\objects\res\strings_us
37197,D:/OneDrive/Pictures\HDD pictures\Bench Marks\Cinebench\CINEBENCHR15.038\CINEBENCH R15.038_RC184115\resource\modules\objects\res\strings_us\description
1484,D:/OneDrive/Pictures\HDD pictures\Bench Marks\Cinebench\CINEBENCHR15.038\CINEBENCH R15.038_RC184115\resource\modules\objects\res\strings_us\dialogs
1928584,D:/OneDrive/Pictures\HDD pictures\Bench Marks\Cinebench\CINEBENCHR15.038\CINEBENCH R15.038_RC184115\resource\modules\onlineupdater
2517460,D:/OneDrive/Pictures\HDD pictures\Bench Marks\Cinebench\CINEBENCHR15.038\CINEBENCH R15.038_RC184115\resource\modules\onlineupdater\res
21997,D:/OneDrive/Pictures\HDD pictures\Bench Marks\Cinebench\CINEBENCHR15.038\CINEBENCH R15.038_RC184115\resource\modules\onlineupdater\res\dialogs
9521,D:/OneDrive/Pictures\HDD pictures\Bench Marks\Cinebench\CINEBENCHR15.038\CINEBENCH R15.038_RC184115\resource\modules\onlineupdater\res\strings_us
8366,D:/OneDrive/Pictures\HDD pictures\Bench Marks\Cinebench\CINEBENCHR15.038\CINEBENCH R15.038_RC184115\resource\modules\onlineupdater\res\strings_us\dialogs
997256,D:/OneDrive/Pictures\HDD pictures\Bench Marks\Cinebench\CINEBENCHR15.038\CINEBENCH R15.038_RC184115\resource\modules\shader
1123,D:/OneDrive/Pictures\HDD pictures\Bench Marks\Cinebench\CINEBENCHR15.038\CINEBENCH R15.038_RC184115\resource\modules\shader\res
44411,D:/OneDrive/Pictures\HDD pictures\Bench Marks\Cinebench\CINEBENCHR15.038\CINEBENCH R15.038_RC184115\resource\modules\shader\res\description
1622,D:/OneDrive/Pictures\HDD pictures\Bench Marks\Cinebench\CINEBENCHR15.038\CINEBENCH R15.038_RC184115\resource\modules\shader\res\strings_us
15855,D:/OneDrive/Pictures\HDD pictures\Bench Marks\Cinebench\CINEBENCHR15.038\CINEBENCH R15.038_RC184115\resource\modules\shader\res\strings_us\description
2250120,D:/OneDrive/Pictures\HDD pictures\Bench Marks\Cinebench\CINEBENCHR15.038\CINEBENCH R15.038_RC184115\resource\modules\sla
220986,D:/OneDrive/Pictures\HDD pictures\Bench Marks\Cinebench\CINEBENCHR15.038\CINEBENCH R15.038_RC184115\resource\modules\sla\res
172525,D:/OneDrive/Pictures\HDD pictures\Bench Marks\Cinebench\CINEBENCHR15.038\CINEBENCH R15.038_RC184115\resource\modules\sla\res\description
14163,D:/OneDrive/Pictures\HDD pictures\Bench Marks\Cinebench\CINEBENCHR15.038\CINEBENCH R15.038_RC184115\resource\modules\sla\res\dialogs
10819,D:/OneDrive/Pictures\HDD pictures\Bench Marks\Cinebench\CINEBENCHR15.038\CINEBENCH R15.038_RC184115\resource\modules\sla\res\strings_us
83805,D:/OneDrive/Pictures\HDD pictures\Bench Marks\Cinebench\CINEBENCHR15.038\CINEBENCH R15.038_RC184115\resource\modules\sla\res\strings_us\description
4566,D:/OneDrive/Pictures\HDD pictures\Bench Marks\Cinebench\CINEBENCHR15.038\CINEBENCH R15.038_RC184115\resource\modules\sla\res\strings_us\dialogs
3091336,D:/OneDrive/Pictures\HDD pictures\Bench Marks\Cinebench\CINEBENCHR15.038\CINEBENCH R15.038_RC184115\resource\modules\xtensions
4234968,D:/OneDrive/Pictures\HDD pictures\Bench Marks\Cinebench\CINEBENCHR15.038\CINEBENCH R15.038_RC184115\resource\modules\xtensions\preview_scenes
142647,D:/OneDrive/Pictures\HDD pictures\Bench Marks\Cinebench\CINEBENCHR15.038\CINEBENCH R15.038_RC184115\resource\modules\xtensions\res
59529,D:/OneDrive/Pictures\HDD pictures\Bench Marks\Cinebench\CINEBENCHR15.038\CINEBENCH R15.038_RC184115\resource\modules\xtensions\res\description
26914,D:/OneDrive/Pictures\HDD pictures\Bench Marks\Cinebench\CINEBENCHR15.038\CINEBENCH R15.038_RC184115\resource\modules\xtensions\res\dialogs
25791,D:/OneDrive/Pictures\HDD pictures\Bench Marks\Cinebench\CINEBENCHR15.038\CINEBENCH R15.038_RC184115\resource\modules\xtensions\res\strings_us
25124,D:/OneDrive/Pictures\HDD pictures\Bench Marks\Cinebench\CINEBENCHR15.038\CINEBENCH R15.038_RC184115\resource\modules\xtensions\res\strings_us\description
8727,D:/OneDrive/Pictures\HDD pictures\Bench Marks\Cinebench\CINEBENCHR15.038\CINEBENCH R15.038_RC184115\resource\modules\xtensions\res\strings_us\dialogs
452080,D:/OneDrive/Pictures\HDD pictures\Bench Marks\Cinebench\CINEBENCHR15.038\CINEBENCH R15.038_RC184115\resource\res
230601,D:/OneDrive/Pictures\HDD pictures\Bench Marks\Cinebench\CINEBENCHR15.038\CINEBENCH R15.038_RC184115\resource\res\description
89715,D:/OneDrive/Pictures\HDD pictures\Bench Marks\Cinebench\CINEBENCHR15.038\CINEBENCH R15.038_RC184115\resource\res\dialogs
84337,D:/OneDrive/Pictures\HDD pictures\Bench Marks\Cinebench\CINEBENCHR15.038\CINEBENCH R15.038_RC184115\resource\res\menus
30509,D:/OneDrive/Pictures\HDD pictures\Bench Marks\Cinebench\CINEBENCHR15.038\CINEBENCH R15.038_RC184115\resource\res\menus_bench
296,D:/OneDrive/Pictures\HDD pictures\Bench Marks\Cinebench\CINEBENCHR15.038\CINEBENCH R15.038_RC184115\resource\res\menus_lic
837,D:/OneDrive/Pictures\HDD pictures\Bench Marks\Cinebench\CINEBENCHR15.038\CINEBENCH R15.038_RC184115\resource\res\menus_net
0,D:/OneDrive/Pictures\HDD pictures\Bench Marks\Cinebench\CINEBENCHR15.038\CINEBENCH R15.038_RC184115\resource\schemes
19171922,D:/OneDrive/Pictures\HDD pictures\Bench Marks\Cinebench\CINEBENCHR15.038\CINEBENCH R15.038_RC184115\resource\schemes\CB
139876,D:/OneDrive/Pictures\HDD pictures\Bench Marks\Cinebench\CINEBENCHR15.038\CINEBENCH R15.038_RC184115\resource\strings_us
102546,D:/OneDrive/Pictures\HDD pictures\Bench Marks\Cinebench\CINEBENCHR15.038\CINEBENCH R15.038_RC184115\resource\strings_us\description
24917,D:/OneDrive/Pictures\HDD pictures\Bench Marks\Cinebench\CINEBENCHR15.038\CINEBENCH R15.038_RC184115\resource\strings_us\dialogs
29822,D:/OneDrive/Pictures\HDD pictures\Bench Marks\Cinebench\CINEBENCHR15.038\CINEBENCH R15.038_RC184115\resource\strings_us\html
1475490,D:/OneDrive/Pictures\HDD pictures\Bench Marks\Cinebench\CINEBENCHR15.038\CINEBENCH R15.038_RC184115\resource\_api
256643,D:/OneDrive/Pictures\HDD pictures\Bench Marks\Cinebench\CINEBENCHR15.038\CINEBENCH R15.038_RC184115\resource\_api\c4d_customgui
148476,D:/OneDrive/Pictures\HDD pictures\Bench Marks\Cinebench\CINEBENCHR15.038\CINEBENCH R15.038_RC184115\resource\_api\c4d_gv
886949,D:/OneDrive/Pictures\HDD pictures\Bench Marks\Cinebench\CINEBENCHR15.038\CINEBENCH R15.038_RC184115\resource\_api\c4d_libs
25765,D:/OneDrive/Pictures\HDD pictures\Bench Marks\Cinebench\CINEBENCHR15.038\CINEBENCH R15.038_RC184115\resource\_api\c4d_misc
268996,D:/OneDrive/Pictures\HDD pictures\Bench Marks\Cinebench\CINEBENCHR15.038\CINEBENCH R15.038_RC184115\resource\_api\c4d_misc\datastructures
18085,D:/OneDrive/Pictures\HDD pictures\Bench Marks\Cinebench\CINEBENCHR15.038\CINEBENCH R15.038_RC184115\resource\_api\c4d_misc\memory
48727,D:/OneDrive/Pictures\HDD pictures\Bench Marks\Cinebench\CINEBENCHR15.038\CINEBENCH R15.038_RC184115\resource\_api\c4d_misc\utilities
167637,D:/OneDrive/Pictures\HDD pictures\Bench Marks\Cinebench\CINEBENCHR15.038\CINEBENCH R15.038_RC184115\resource\_api\c4d_preview
166272,D:/OneDrive/Pictures\HDD pictures\Bench Marks\Cinebench\CINEBENCHR15.038\CINEBENCH R15.038_RC184115\resource\_api\c4d_scaling
110863,D:/OneDrive/Pictures\HDD pictures\Bench Marks\Cinebench\CINEBENCHR15.038\CINEBENCH R15.038_RC184115\resource\_api_lib
239653,D:/OneDrive/Pictures\HDD pictures\Bench Marks\Cinebench\CINEBENCHR15.038\CINEBENCH R15.038_RC184115\resource\_api_lib\_api.xcodeproj
12741880,D:/OneDrive/Pictures\HDD pictures\Bench Marks\Cinebench\CinebenchR20
10066,D:/OneDrive/Pictures\HDD pictures\Bench Marks\Cinebench\CinebenchR20\cb_ranking
219345320,D:/OneDrive/Pictures\HDD pictures\Bench Marks\Cinebench\CinebenchR20\corelibs
1926010,D:/OneDrive/Pictures\HDD pictures\Bench Marks\Cinebench\CinebenchR20\resource
0,D:/OneDrive/Pictures\HDD pictures\Bench Marks\Cinebench\CinebenchR20\resource\language
9,D:/OneDrive/Pictures\HDD pictures\Bench Marks\Cinebench\CinebenchR20\resource\language\en-US
0,D:/OneDrive/Pictures\HDD pictures\Bench Marks\Cinebench\CinebenchR20\resource\libs
13392152,D:/OneDrive/Pictures\HDD pictures\Bench Marks\Cinebench\CinebenchR20\resource\libs\win64
0,D:/OneDrive/Pictures\HDD pictures\Bench Marks\Cinebench\CinebenchR20\resource\modules
34794,D:/OneDrive/Pictures\HDD pictures\Bench Marks\Cinebench\CinebenchR20\resource\modules\advanced render
74020,D:/OneDrive/Pictures\HDD pictures\Bench Marks\Cinebench\CinebenchR20\resource\modules\advanced render\description
694,D:/OneDrive/Pictures\HDD pictures\Bench Marks\Cinebench\CinebenchR20\resource\modules\advanced render\dialogs
6867,D:/OneDrive/Pictures\HDD pictures\Bench Marks\Cinebench\CinebenchR20\resource\modules\advanced render\strings_en-US
29389,D:/OneDrive/Pictures\HDD pictures\Bench Marks\Cinebench\CinebenchR20\resource\modules\advanced render\strings_en-US\description
116,D:/OneDrive/Pictures\HDD pictures\Bench Marks\Cinebench\CinebenchR20\resource\modules\advanced render\strings_en-US\dialogs
7034,D:/OneDrive/Pictures\HDD pictures\Bench Marks\Cinebench\CinebenchR20\resource\modules\asset.module
37,D:/OneDrive/Pictures\HDD pictures\Bench Marks\Cinebench\CinebenchR20\resource\modules\asset.module\repository
69,D:/OneDrive/Pictures\HDD pictures\Bench Marks\Cinebench\CinebenchR20\resource\modules\asset.module\repository\category_net.maxon.assetcategory.uncategorized
2143,D:/OneDrive/Pictures\HDD pictures\Bench Marks\Cinebench\CinebenchR20\resource\modules\asset.module\repository\category_net.maxon.assetcategory.uncategorized\1
60,D:/OneDrive/Pictures\HDD pictures\Bench Marks\Cinebench\CinebenchR20\resource\modules\asset.module\repository\category_net.maxon.nodecategory.color
2135,D:/OneDrive/Pictures\HDD pictures\Bench Marks\Cinebench\CinebenchR20\resource\modules\asset.module\repository\category_net.maxon.nodecategory.color\1
62,D:/OneDrive/Pictures\HDD pictures\Bench Marks\Cinebench\CinebenchR20\resource\modules\asset.module\repository\category_net.maxon.nodecategory.context
2137,D:/OneDrive/Pictures\HDD pictures\Bench Marks\Cinebench\CinebenchR20\resource\modules\asset.module\repository\category_net.maxon.nodecategory.context\1
65,D:/OneDrive/Pictures\HDD pictures\Bench Marks\Cinebench\CinebenchR20\resource\modules\asset.module\repository\category_net.maxon.nodecategory.conversion
2140,D:/OneDrive/Pictures\HDD pictures\Bench Marks\Cinebench\CinebenchR20\resource\modules\asset.module\repository\category_net.maxon.nodecategory.conversion\1
68,D:/OneDrive/Pictures\HDD pictures\Bench Marks\Cinebench\CinebenchR20\resource\modules\asset.module\repository\category_net.maxon.nodecategory.existingnodes
2148,D:/OneDrive/Pictures\HDD pictures\Bench Marks\Cinebench\CinebenchR20\resource\modules\asset.module\repository\category_net.maxon.nodecategory.existingnodes\1
64,D:/OneDrive/Pictures\HDD pictures\Bench Marks\Cinebench\CinebenchR20\resource\modules\asset.module\repository\category_net.maxon.nodecategory.generator
2139,D:/OneDrive/Pictures\HDD pictures\Bench Marks\Cinebench\CinebenchR20\resource\modules\asset.module\repository\category_net.maxon.nodecategory.generator\1
59,D:/OneDrive/Pictures\HDD pictures\Bench Marks\Cinebench\CinebenchR20\resource\modules\asset.module\repository\category_net.maxon.nodecategory.info
2134,D:/OneDrive/Pictures\HDD pictures\Bench Marks\Cinebench\CinebenchR20\resource\modules\asset.module\repository\category_net.maxon.nodecategory.info\1
63,D:/OneDrive/Pictures\HDD pictures\Bench Marks\Cinebench\CinebenchR20\resource\modules\asset.module\repository\category_net.maxon.nodecategory.material
1277,D:/OneDrive/Pictures\HDD pictures\Bench Marks\Cinebench\CinebenchR20\resource\modules\asset.module\repository\category_net.maxon.nodecategory.material\1
59,D:/OneDrive/Pictures\HDD pictures\Bench Marks\Cinebench\CinebenchR20\resource\modules\asset.module\repository\category_net.maxon.nodecategory.math
2134,D:/OneDrive/Pictures\HDD pictures\Bench Marks\Cinebench\CinebenchR20\resource\modules\asset.module\repository\category_net.maxon.nodecategory.math\1
60,D:/OneDrive/Pictures\HDD pictures\Bench Marks\Cinebench\CinebenchR20\resource\modules\asset.module\repository\category_net.maxon.nodecategory.shape
2135,D:/OneDrive/Pictures\HDD pictures\Bench Marks\Cinebench\CinebenchR20\resource\modules\asset.module\repository\category_net.maxon.nodecategory.shape\1
61,D:/OneDrive/Pictures\HDD pictures\Bench Marks\Cinebench\CinebenchR20\resource\modules\asset.module\repository\category_net.maxon.nodecategory.string
2136,D:/OneDrive/Pictures\HDD pictures\Bench Marks\Cinebench\CinebenchR20\resource\modules\asset.module\repository\category_net.maxon.nodecategory.string\1
62,D:/OneDrive/Pictures\HDD pictures\Bench Marks\Cinebench\CinebenchR20\resource\modules\asset.module\repository\category_net.maxon.nodecategory.surface
2137,D:/OneDrive/Pictures\HDD pictures\Bench Marks\Cinebench\CinebenchR20\resource\modules\asset.module\repository\category_net.maxon.nodecategory.surface\1
62,D:/OneDrive/Pictures\HDD pictures\Bench Marks\Cinebench\CinebenchR20\resource\modules\asset.module\repository\category_net.maxon.nodecategory.utility
2137,D:/OneDrive/Pictures\HDD pictures\Bench Marks\Cinebench\CinebenchR20\resource\modules\asset.module\repository\category_net.maxon.nodecategory.utility\1
77,D:/OneDrive/Pictures\HDD pictures\Bench Marks\Cinebench\CinebenchR20\resource\modules\asset.module\repository\databaseinfo_net.maxon.repository.application
1965,D:/OneDrive/Pictures\HDD pictures\Bench Marks\Cinebench\CinebenchR20\resource\modules\asset.module\repository\databaseinfo_net.maxon.repository.application\1
73,D:/OneDrive/Pictures\HDD pictures\Bench Marks\Cinebench\CinebenchR20\resource\modules\asset.module\repository\databaseinfo_net.maxon.repository.builtin
1961,D:/OneDrive/Pictures\HDD pictures\Bench Marks\Cinebench\CinebenchR20\resource\modules\asset.module\repository\databaseinfo_net.maxon.repository.builtin\1
71,D:/OneDrive/Pictures\HDD pictures\Bench Marks\Cinebench\CinebenchR20\resource\modules\asset.module\repository\databaseinfo_net.maxon.repository.scene
1959,D:/OneDrive/Pictures\HDD pictures\Bench Marks\Cinebench\CinebenchR20\resource\modules\asset.module\repository\databaseinfo_net.maxon.repository.scene\1
75,D:/OneDrive/Pictures\HDD pictures\Bench Marks\Cinebench\CinebenchR20\resource\modules\asset.module\repository\databaseinfo_net.maxon.repository.userprefs
1965,D:/OneDrive/Pictures\HDD pictures\Bench Marks\Cinebench\CinebenchR20\resource\modules\asset.module\repository\databaseinfo_net.maxon.repository.userprefs\1
55,D:/OneDrive/Pictures\HDD pictures\Bench Marks\Cinebench\CinebenchR20\resource\modules\asset.module\repository\databaseinfo_repository
1961,D:/OneDrive/Pictures\HDD pictures\Bench Marks\Cinebench\CinebenchR20\resource\modules\asset.module\repository\databaseinfo_repository\1
60,D:/OneDrive/Pictures\HDD pictures\Bench Marks\Cinebench\CinebenchR20\resource\modules\asset.module\repository\net.maxon.asset.databaseinfo
1965,D:/OneDrive/Pictures\HDD pictures\Bench Marks\Cinebench\CinebenchR20\resource\modules\asset.module\repository\net.maxon.asset.databaseinfo\1
70,D:/OneDrive/Pictures\HDD pictures\Bench Marks\Cinebench\CinebenchR20\resource\modules\asset.module\repository\preset_net.maxon.preset.customdielectric
17653,D:/OneDrive/Pictures\HDD pictures\Bench Marks\Cinebench\CinebenchR20\resource\modules\asset.module\repository\preset_net.maxon.preset.customdielectric\1
65,D:/OneDrive/Pictures\HDD pictures\Bench Marks\Cinebench\CinebenchR20\resource\modules\asset.module\repository\preset_net.maxon.preset.custommetal
35320,D:/OneDrive/Pictures\HDD pictures\Bench Marks\Cinebench\CinebenchR20\resource\modules\asset.module\repository\preset_net.maxon.preset.custommetal\1
77,D:/OneDrive/Pictures\HDD pictures\Bench Marks\Cinebench\CinebenchR20\resource\modules\asset.module\repository\preset_net.maxon.preset.mediasession.export.asf
7992,D:/OneDrive/Pictures\HDD pictures\Bench Marks\Cinebench\CinebenchR20\resource\modules\asset.module\repository\preset_net.maxon.preset.mediasession.export.asf\1
77,D:/OneDrive/Pictures\HDD pictures\Bench Marks\Cinebench\CinebenchR20\resource\modules\asset.module\repository\preset_net.maxon.preset.mediasession.export.gp3
7992,D:/OneDrive/Pictures\HDD pictures\Bench Marks\Cinebench\CinebenchR20\resource\modules\asset.module\repository\preset_net.maxon.preset.mediasession.export.gp3\1
77,D:/OneDrive/Pictures\HDD pictures\Bench Marks\Cinebench\CinebenchR20\resource\modules\asset.module\repository\preset_net.maxon.preset.mediasession.export.mov
7992,D:/OneDrive/Pictures\HDD pictures\Bench Marks\Cinebench\CinebenchR20\resource\modules\asset.module\repository\preset_net.maxon.preset.mediasession.export.mov\1
77,D:/OneDrive/Pictures\HDD pictures\Bench Marks\Cinebench\CinebenchR20\resource\modules\asset.module\repository\preset_net.maxon.preset.mediasession.export.mp4
7992,D:/OneDrive/Pictures\HDD pictures\Bench Marks\Cinebench\CinebenchR20\resource\modules\asset.module\repository\preset_net.maxon.preset.mediasession.export.mp4\1
77,D:/OneDrive/Pictures\HDD pictures\Bench Marks\Cinebench\CinebenchR20\resource\modules\asset.module\repository\preset_net.maxon.preset.mediasession.export.wmv
15471,D:/OneDrive/Pictures\HDD pictures\Bench Marks\Cinebench\CinebenchR20\resource\modules\asset.module\repository\preset_net.maxon.preset.mediasession.export.wmv\1
69,D:/OneDrive/Pictures\HDD pictures\Bench Marks\Cinebench\CinebenchR20\resource\modules\asset.module\repository\preset_net.maxon.preset.normaldirection
4948,D:/OneDrive/Pictures\HDD pictures\Bench Marks\Cinebench\CinebenchR20\resource\modules\asset.module\repository\preset_net.maxon.preset.normaldirection\1
12300,D:/OneDrive/Pictures\HDD pictures\Bench Marks\Cinebench\CinebenchR20\resource\modules\browser
1923,D:/OneDrive/Pictures\HDD pictures\Bench Marks\Cinebench\CinebenchR20\resource\modules\browser\description
10470,D:/OneDrive/Pictures\HDD pictures\Bench Marks\Cinebench\CinebenchR20\resource\modules\browser\dialogs
1640040,D:/OneDrive/Pictures\HDD pictures\Bench Marks\Cinebench\CinebenchR20\resource\modules\browser\icons
11867,D:/OneDrive/Pictures\HDD pictures\Bench Marks\Cinebench\CinebenchR20\resource\modules\browser\strings_en-US
681,D:/OneDrive/Pictures\HDD pictures\Bench Marks\Cinebench\CinebenchR20\resource\modules\browser\strings_en-US\description
2883,D:/OneDrive/Pictures\HDD pictures\Bench Marks\Cinebench\CinebenchR20\resource\modules\browser\strings_en-US\dialogs
551139,D:/OneDrive/Pictures\HDD pictures\Bench Marks\Cinebench\CinebenchR20\resource\modules\c4dplugin
280920,D:/OneDrive/Pictures\HDD pictures\Bench Marks\Cinebench\CinebenchR20\resource\modules\c4dplugin\bmp
282931,D:/OneDrive/Pictures\HDD pictures\Bench Marks\Cinebench\CinebenchR20\resource\modules\c4dplugin\description
90486,D:/OneDrive/Pictures\HDD pictures\Bench Marks\Cinebench\CinebenchR20\resource\modules\c4dplugin\dialogs
822127,D:/OneDrive/Pictures\HDD pictures\Bench Marks\Cinebench\CinebenchR20\resource\modules\c4dplugin\ibl_tables
7176825,D:/OneDrive/Pictures\HDD pictures\Bench Marks\Cinebench\CinebenchR20\resource\modules\c4dplugin\icons
96802,D:/OneDrive/Pictures\HDD pictures\Bench Marks\Cinebench\CinebenchR20\resource\modules\c4dplugin\menus
30557,D:/OneDrive/Pictures\HDD pictures\Bench Marks\Cinebench\CinebenchR20\resource\modules\c4dplugin\menus_bench
0,D:/OneDrive/Pictures\HDD pictures\Bench Marks\Cinebench\CinebenchR20\resource\modules\c4dplugin\schemes
19013065,D:/OneDrive/Pictures\HDD pictures\Bench Marks\Cinebench\CinebenchR20\resource\modules\c4dplugin\schemes\CB
169890,D:/OneDrive/Pictures\HDD pictures\Bench Marks\Cinebench\CinebenchR20\resource\modules\c4dplugin\strings_en-US
128063,D:/OneDrive/Pictures\HDD pictures\Bench Marks\Cinebench\CinebenchR20\resource\modules\c4dplugin\strings_en-US\description
25244,D:/OneDrive/Pictures\HDD pictures\Bench Marks\Cinebench\CinebenchR20\resource\modules\c4dplugin\strings_en-US\dialogs
29412,D:/OneDrive/Pictures\HDD pictures\Bench Marks\Cinebench\CinebenchR20\resource\modules\c4dplugin\strings_en-US\html
12259,D:/OneDrive/Pictures\HDD pictures\Bench Marks\Cinebench\CinebenchR20\resource\modules\ca
282821,D:/OneDrive/Pictures\HDD pictures\Bench Marks\Cinebench\CinebenchR20\resource\modules\ca\description
18771,D:/OneDrive/Pictures\HDD pictures\Bench Marks\Cinebench\CinebenchR20\resource\modules\ca\strings_en-US
105225,D:/OneDrive/Pictures\HDD pictures\Bench Marks\Cinebench\CinebenchR20\resource\modules\ca\strings_en-US\description
1652,D:/OneDrive/Pictures\HDD pictures\Bench Marks\Cinebench\CinebenchR20\resource\modules\ca2
11396,D:/OneDrive/Pictures\HDD pictures\Bench Marks\Cinebench\CinebenchR20\resource\modules\ca2\description
2258,D:/OneDrive/Pictures\HDD pictures\Bench Marks\Cinebench\CinebenchR20\resource\modules\ca2\dialogs
2154,D:/OneDrive/Pictures\HDD pictures\Bench Marks\Cinebench\CinebenchR20\resource\modules\ca2\strings_en-US
3226,D:/OneDrive/Pictures\HDD pictures\Bench Marks\Cinebench\CinebenchR20\resource\modules\ca2\strings_en-US\description
985,D:/OneDrive/Pictures\HDD pictures\Bench Marks\Cinebench\CinebenchR20\resource\modules\ca2\strings_en-US\dialogs
2155648,D:/OneDrive/Pictures\HDD pictures\Bench Marks\Cinebench\CinebenchR20\resource\modules\ca2\visualselector
110870,D:/OneDrive/Pictures\HDD pictures\Bench Marks\Cinebench\CinebenchR20\resource\modules\cinebench
163673343,D:/OneDrive/Pictures\HDD pictures\Bench Marks\Cinebench\CinebenchR20\resource\modules\cinebench\cpu
67135894,D:/OneDrive/Pictures\HDD pictures\Bench Marks\Cinebench\CinebenchR20\resource\modules\cinebench\cpu\tex
1386,D:/OneDrive/Pictures\HDD pictures\Bench Marks\Cinebench\CinebenchR20\resource\modules\cinebench\dialogs
16318,D:/OneDrive/Pictures\HDD pictures\Bench Marks\Cinebench\CinebenchR20\resource\modules\cinebench\strings_en-US
426,D:/OneDrive/Pictures\HDD pictures\Bench Marks\Cinebench\CinebenchR20\resource\modules\cinebench\strings_en-US\dialogs
472,D:/OneDrive/Pictures\HDD pictures\Bench Marks\Cinebench\CinebenchR20\resource\modules\clothilde
12868,D:/OneDrive/Pictures\HDD pictures\Bench Marks\Cinebench\CinebenchR20\resource\modules\clothilde\description
389,D:/OneDrive/Pictures\HDD pictures\Bench Marks\Cinebench\CinebenchR20\resource\modules\clothilde\strings_en-US
4631,D:/OneDrive/Pictures\HDD pictures\Bench Marks\Cinebench\CinebenchR20\resource\modules\clothilde\strings_en-US\description
4538,D:/OneDrive/Pictures\HDD pictures\Bench Marks\Cinebench\CinebenchR20\resource\modules\colorchoosergui
754,D:/OneDrive/Pictures\HDD pictures\Bench Marks\Cinebench\CinebenchR20\resource\modules\colorchoosergui\dialogs
6679,D:/OneDrive/Pictures\HDD pictures\Bench Marks\Cinebench\CinebenchR20\resource\modules\colorchoosergui\strings_en-US
254,D:/OneDrive/Pictures\HDD pictures\Bench Marks\Cinebench\CinebenchR20\resource\modules\colorchoosergui\strings_en-US\dialogs
140,D:/OneDrive/Pictures\HDD pictures\Bench Marks\Cinebench\CinebenchR20\resource\modules\compositing
1617,D:/OneDrive/Pictures\HDD pictures\Bench Marks\Cinebench\CinebenchR20\resource\modules\compositing\description
114,D:/OneDrive/Pictures\HDD pictures\Bench Marks\Cinebench\CinebenchR20\resource\modules\compositing\strings_en-US
677,D:/OneDrive/Pictures\HDD pictures\Bench Marks\Cinebench\CinebenchR20\resource\modules\compositing\strings_en-US\description
41070,D:/OneDrive/Pictures\HDD pictures\Bench Marks\Cinebench\CinebenchR20\resource\modules\crypt.module
19,D:/OneDrive/Pictures\HDD pictures\Bench Marks\Cinebench\CinebenchR20\resource\modules\embree.module
0,D:/OneDrive/Pictures\HDD pictures\Bench Marks\Cinebench\CinebenchR20\resource\modules\embree.module\libs
23213496,D:/OneDrive/Pictures\HDD pictures\Bench Marks\Cinebench\CinebenchR20\resource\modules\embree.module\libs\win64
11675,D:/OneDrive/Pictures\HDD pictures\Bench Marks\Cinebench\CinebenchR20\resource\modules\expressiontag
59617,D:/OneDrive/Pictures\HDD pictures\Bench Marks\Cinebench\CinebenchR20\resource\modules\expressiontag\description
15544,D:/OneDrive/Pictures\HDD pictures\Bench Marks\Cinebench\CinebenchR20\resource\modules\expressiontag\strings_en-US
25105,D:/OneDrive/Pictures\HDD pictures\Bench Marks\Cinebench\CinebenchR20\resource\modules\expressiontag\strings_en-US\description
19,D:/OneDrive/Pictures\HDD pictures\Bench Marks\Cinebench\CinebenchR20\resource\modules\gui.module
116331,D:/OneDrive/Pictures\HDD pictures\Bench Marks\Cinebench\CinebenchR20\resource\modules\gui.module\osx
978,D:/OneDrive/Pictures\HDD pictures\Bench Marks\Cinebench\CinebenchR20\resource\modules\gui.module\win
251397,D:/OneDrive/Pictures\HDD pictures\Bench Marks\Cinebench\CinebenchR20\resource\modules\hair
159744,D:/OneDrive/Pictures\HDD pictures\Bench Marks\Cinebench\CinebenchR20\resource\modules\hair\description
8636,D:/OneDrive/Pictures\HDD pictures\Bench Marks\Cinebench\CinebenchR20\resource\modules\hair\strings_en-US
62563,D:/OneDrive/Pictures\HDD pictures\Bench Marks\Cinebench\CinebenchR20\resource\modules\hair\strings_en-US\description
431280,D:/OneDrive/Pictures\HDD pictures\Bench Marks\Cinebench\CinebenchR20\resource\modules\image.module
537431,D:/OneDrive/Pictures\HDD pictures\Bench Marks\Cinebench\CinebenchR20\resource\modules\misc.module
2184,D:/OneDrive/Pictures\HDD pictures\Bench Marks\Cinebench\CinebenchR20\resource\modules\mkmodeler
1805,D:/OneDrive/Pictures\HDD pictures\Bench Marks\Cinebench\CinebenchR20\resource\modules\mkmodeler\description
3426,D:/OneDrive/Pictures\HDD pictures\Bench Marks\Cinebench\CinebenchR20\resource\modules\mkmodeler\strings_en-US
941,D:/OneDrive/Pictures\HDD pictures\Bench Marks\Cinebench\CinebenchR20\resource\modules\mkmodeler\strings_en-US\description
3894,D:/OneDrive/Pictures\HDD pictures\Bench Marks\Cinebench\CinebenchR20\resource\modules\mocca
1482,D:/OneDrive/Pictures\HDD pictures\Bench Marks\Cinebench\CinebenchR20\resource\modules\mocca\description
2079,D:/OneDrive/Pictures\HDD pictures\Bench Marks\Cinebench\CinebenchR20\resource\modules\mocca\dialogs
3442,D:/OneDrive/Pictures\HDD pictures\Bench Marks\Cinebench\CinebenchR20\resource\modules\mocca\strings_en-US
388,D:/OneDrive/Pictures\HDD pictures\Bench Marks\Cinebench\CinebenchR20\resource\modules\mocca\strings_en-US\description
996,D:/OneDrive/Pictures\HDD pictures\Bench Marks\Cinebench\CinebenchR20\resource\modules\mocca\strings_en-US\dialogs
20930,D:/OneDrive/Pictures\HDD pictures\Bench Marks\Cinebench\CinebenchR20\resource\modules\model
105349,D:/OneDrive/Pictures\HDD pictures\Bench Marks\Cinebench\CinebenchR20\resource\modules\model\description
3790,D:/OneDrive/Pictures\HDD pictures\Bench Marks\Cinebench\CinebenchR20\resource\modules\model\dialogs
34916,D:/OneDrive/Pictures\HDD pictures\Bench Marks\Cinebench\CinebenchR20\resource\modules\model\strings_en-US
46029,D:/OneDrive/Pictures\HDD pictures\Bench Marks\Cinebench\CinebenchR20\resource\modules\model\strings_en-US\description
1234,D:/OneDrive/Pictures\HDD pictures\Bench Marks\Cinebench\CinebenchR20\resource\modules\model\strings_en-US\dialogs
5089,D:/OneDrive/Pictures\HDD pictures\Bench Marks\Cinebench\CinebenchR20\resource\modules\mograph
181141,D:/OneDrive/Pictures\HDD pictures\Bench Marks\Cinebench\CinebenchR20\resource\modules\mograph\description
9888,D:/OneDrive/Pictures\HDD pictures\Bench Marks\Cinebench\CinebenchR20\resource\modules\mograph\strings_en-US
75393,D:/OneDrive/Pictures\HDD pictures\Bench Marks\Cinebench\CinebenchR20\resource\modules\mograph\strings_en-US\description
63299,D:/OneDrive/Pictures\HDD pictures\Bench Marks\Cinebench\CinebenchR20\resource\modules\mvp
304881,D:/OneDrive/Pictures\HDD pictures\Bench Marks\Cinebench\CinebenchR20\resource\modules\nbp
208,D:/OneDrive/Pictures\HDD pictures\Bench Marks\Cinebench\CinebenchR20\resource\modules\nbp\description
1551,D:/OneDrive/Pictures\HDD pictures\Bench Marks\Cinebench\CinebenchR20\resource\modules\nbp\strings_en-US
52,D:/OneDrive/Pictures\HDD pictures\Bench Marks\Cinebench\CinebenchR20\resource\modules\nbp\strings_en-US\description
424205,D:/OneDrive/Pictures\HDD pictures\Bench Marks\Cinebench\CinebenchR20\resource\modules\newman
45148,D:/OneDrive/Pictures\HDD pictures\Bench Marks\Cinebench\CinebenchR20\resource\modules\newman\description
38423,D:/OneDrive/Pictures\HDD pictures\Bench Marks\Cinebench\CinebenchR20\resource\modules\newman\dialogs
1211,D:/OneDrive/Pictures\HDD pictures\Bench Marks\Cinebench\CinebenchR20\resource\modules\newman\menu
101078,D:/OneDrive/Pictures\HDD pictures\Bench Marks\Cinebench\CinebenchR20\resource\modules\newman\strings_en-US
19369,D:/OneDrive/Pictures\HDD pictures\Bench Marks\Cinebench\CinebenchR20\resource\modules\newman\strings_en-US\description
13509,D:/OneDrive/Pictures\HDD pictures\Bench Marks\Cinebench\CinebenchR20\resource\modules\newman\strings_en-US\dialogs
264432,D:/OneDrive/Pictures\HDD pictures\Bench Marks\Cinebench\CinebenchR20\resource\modules\nodes.module
800681,D:/OneDrive/Pictures\HDD pictures\Bench Marks\Cinebench\CinebenchR20\resource\modules\nodes_corenodes.module
6679,D:/OneDrive/Pictures\HDD pictures\Bench Marks\Cinebench\CinebenchR20\resource\modules\objects
123691,D:/OneDrive/Pictures\HDD pictures\Bench Marks\Cinebench\CinebenchR20\resource\modules\objects\description
3999,D:/OneDrive/Pictures\HDD pictures\Bench Marks\Cinebench\CinebenchR20\resource\modules\objects\dialogs
9433,D:/OneDrive/Pictures\HDD pictures\Bench Marks\Cinebench\CinebenchR20\resource\modules\objects\strings_en-US
51374,D:/OneDrive/Pictures\HDD pictures\Bench Marks\Cinebench\CinebenchR20\resource\modules\objects\strings_en-US\description
1473,D:/OneDrive/Pictures\HDD pictures\Bench Marks\Cinebench\CinebenchR20\resource\modules\objects\strings_en-US\dialogs
569,D:/OneDrive/Pictures\HDD pictures\Bench Marks\Cinebench\CinebenchR20\resource\modules\openexr
914,D:/OneDrive/Pictures\HDD pictures\Bench Marks\Cinebench\CinebenchR20\resource\modules\openexr\dialogs
145,D:/OneDrive/Pictures\HDD pictures\Bench Marks\Cinebench\CinebenchR20\resource\modules\openexr\strings_en-US
897,D:/OneDrive/Pictures\HDD pictures\Bench Marks\Cinebench\CinebenchR20\resource\modules\openexr\strings_en-US\dialogs
1564,D:/OneDrive/Pictures\HDD pictures\Bench Marks\Cinebench\CinebenchR20\resource\modules\shader
64872,D:/OneDrive/Pictures\HDD pictures\Bench Marks\Cinebench\CinebenchR20\resource\modules\shader\description
2357,D:/OneDrive/Pictures\HDD pictures\Bench Marks\Cinebench\CinebenchR20\resource\modules\shader\strings_en-US
23743,D:/OneDrive/Pictures\HDD pictures\Bench Marks\Cinebench\CinebenchR20\resource\modules\shader\strings_en-US\description
2976693,D:/OneDrive/Pictures\HDD pictures\Bench Marks\Cinebench\CinebenchR20\resource\modules\shadernodes.module
166382,D:/OneDrive/Pictures\HDD pictures\Bench Marks\Cinebench\CinebenchR20\resource\modules\sky
43986,D:/OneDrive/Pictures\HDD pictures\Bench Marks\Cinebench\CinebenchR20\resource\modules\sky\description
3259,D:/OneDrive/Pictures\HDD pictures\Bench Marks\Cinebench\CinebenchR20\resource\modules\sky\dialogs
4480,D:/OneDrive/Pictures\HDD pictures\Bench Marks\Cinebench\CinebenchR20\resource\modules\sky\strings_en-US
21959,D:/OneDrive/Pictures\HDD pictures\Bench Marks\Cinebench\CinebenchR20\resource\modules\sky\strings_en-US\description
800,D:/OneDrive/Pictures\HDD pictures\Bench Marks\Cinebench\CinebenchR20\resource\modules\sky\strings_en-US\dialogs
221552,D:/OneDrive/Pictures\HDD pictures\Bench Marks\Cinebench\CinebenchR20\resource\modules\sla
173829,D:/OneDrive/Pictures\HDD pictures\Bench Marks\Cinebench\CinebenchR20\resource\modules\sla\description
15196,D:/OneDrive/Pictures\HDD pictures\Bench Marks\Cinebench\CinebenchR20\resource\modules\sla\dialogs
10819,D:/OneDrive/Pictures\HDD pictures\Bench Marks\Cinebench\CinebenchR20\resource\modules\sla\strings_en-US
84574,D:/OneDrive/Pictures\HDD pictures\Bench Marks\Cinebench\CinebenchR20\resource\modules\sla\strings_en-US\description
4968,D:/OneDrive/Pictures\HDD pictures\Bench Marks\Cinebench\CinebenchR20\resource\modules\sla\strings_en-US\dialogs
6426,D:/OneDrive/Pictures\HDD pictures\Bench Marks\Cinebench\CinebenchR20\resource\modules\xpressocore
733,D:/OneDrive/Pictures\HDD pictures\Bench Marks\Cinebench\CinebenchR20\resource\modules\xpressocore\description
11475,D:/OneDrive/Pictures\HDD pictures\Bench Marks\Cinebench\CinebenchR20\resource\modules\xpressocore\strings_en-US
277,D:/OneDrive/Pictures\HDD pictures\Bench Marks\Cinebench\CinebenchR20\resource\modules\xpressocore\strings_en-US\description
171211,D:/OneDrive/Pictures\HDD pictures\Bench Marks\Cinebench\CinebenchR20\resource\modules\xtensions
85976,D:/OneDrive/Pictures\HDD pictures\Bench Marks\Cinebench\CinebenchR20\resource\modules\xtensions\description
24895,D:/OneDrive/Pictures\HDD pictures\Bench Marks\Cinebench\CinebenchR20\resource\modules\xtensions\dialogs
36756,D:/OneDrive/Pictures\HDD pictures\Bench Marks\Cinebench\CinebenchR20\resource\modules\xtensions\strings_en-US
35548,D:/OneDrive/Pictures\HDD pictures\Bench Marks\Cinebench\CinebenchR20\resource\modules\xtensions\strings_en-US\description
8727,D:/OneDrive/Pictures\HDD pictures\Bench Marks\Cinebench\CinebenchR20\resource\modules\xtensions\strings_en-US\dialogs
252691,D:/OneDrive/Pictures\HDD pictures\Bench Marks\Cinebench\CinebenchR20\resource\ssl
411,D:/OneDrive/Pictures\HDD pictures\Bench Marks\notes
25293877,D:/OneDrive/Pictures\HDD pictures\blender
161908307,D:/OneDrive/Pictures\HDD pictures\Camera Roll
1997094,D:/OneDrive/Pictures\HDD pictures\documents
93588,D:/OneDrive/Pictures\HDD pictures\documents\123-domains
6236772,D:/OneDrive/Pictures\HDD pictures\downloads
181819,D:/OneDrive/Pictures\HDD pictures\downloads\Father's day card
5292357,D:/OneDrive/Pictures\HDD pictures\gran
109315,D:/OneDrive/Pictures\HDD pictures\hammer ideas
0,D:/OneDrive/Pictures\HDD pictures\ig edits
36914131,D:/OneDrive/Pictures\HDD pictures\ig edits\Tango
63782733,D:/OneDrive/Pictures\HDD pictures\ig edits\Tango\no
0,D:/OneDrive/Pictures\HDD pictures\ig edits\Tango\yes
138524444,D:/OneDrive/Pictures\HDD pictures\images
272064565,D:/OneDrive/Pictures\HDD pictures\Instagram
4563500,D:/OneDrive/Pictures\HDD pictures\Instagram\jared.turck_20190901
0,D:/OneDrive/Pictures\HDD pictures\Instagram\jared.turck_20190901\direct
210681,D:/OneDrive/Pictures\HDD pictures\Instagram\jared.turck_20190901\direct\201901
3130122,D:/OneDrive/Pictures\HDD pictures\Instagram\jared.turck_20190901\direct\201902
6813158,D:/OneDrive/Pictures\HDD pictures\Instagram\jared.turck_20190901\direct\201903
13853683,D:/OneDrive/Pictures\HDD pictures\Instagram\jared.turck_20190901\direct\201904
206050,D:/OneDrive/Pictures\HDD pictures\Instagram\jared.turck_20190901\direct\201905
1428351,D:/OneDrive/Pictures\HDD pictures\Instagram\jared.turck_20190901\direct\201906
42528556,D:/OneDrive/Pictures\HDD pictures\Instagram\jared.turck_20190901\direct\201907
81566947,D:/OneDrive/Pictures\HDD pictures\Instagram\jared.turck_20190901\direct\201908
32362,D:/OneDrive/Pictures\HDD pictures\Instagram\jared.turck_20190901\direct\201909
0,D:/OneDrive/Pictures\HDD pictures\Instagram\jared.turck_20190901\photos
3029950,D:/OneDrive/Pictures\HDD pictures\Instagram\jared.turck_20190901\photos\201803
366008,D:/OneDrive/Pictures\HDD pictures\Instagram\jared.turck_20190901\photos\201804
347234,D:/OneDrive/Pictures\HDD pictures\Instagram\jared.turck_20190901\photos\201807
235953,D:/OneDrive/Pictures\HDD pictures\Instagram\jared.turck_20190901\photos\201808
46866,D:/OneDrive/Pictures\HDD pictures\Instagram\jared.turck_20190901\photos\201810
287286,D:/OneDrive/Pictures\HDD pictures\Instagram\jared.turck_20190901\photos\201901
1263959,D:/OneDrive/Pictures\HDD pictures\Instagram\jared.turck_20190901\photos\201902
5641933,D:/OneDrive/Pictures\HDD pictures\Instagram\jared.turck_20190901\photos\201903
9984087,D:/OneDrive/Pictures\HDD pictures\Instagram\jared.turck_20190901\photos\201904
3407098,D:/OneDrive/Pictures\HDD pictures\Instagram\jared.turck_20190901\photos\201905
10901834,D:/OneDrive/Pictures\HDD pictures\Instagram\jared.turck_20190901\photos\201906
22592604,D:/OneDrive/Pictures\HDD pictures\Instagram\jared.turck_20190901\photos\201907
13026907,D:/OneDrive/Pictures\HDD pictures\Instagram\jared.turck_20190901\photos\201908
0,D:/OneDrive/Pictures\HDD pictures\Instagram\jared.turck_20190901\profile
98438,D:/OneDrive/Pictures\HDD pictures\Instagram\jared.turck_20190901\profile\201803
0,D:/OneDrive/Pictures\HDD pictures\Instagram\jared.turck_20190901\stories
19731129,D:/OneDrive/Pictures\HDD pictures\Instagram\jared.turck_20190901\stories\201902
20232048,D:/OneDrive/Pictures\HDD pictures\Instagram\jared.turck_20190901\stories\201903
2615184,D:/OneDrive/Pictures\HDD pictures\Instagram\jared.turck_20190901\stories\201904
10485928,D:/OneDrive/Pictures\HDD pictures\Instagram\jared.turck_20190901\stories\201905
3353858,D:/OneDrive/Pictures\HDD pictures\Instagram\jared.turck_20190901\stories\201906
6560536,D:/OneDrive/Pictures\HDD pictures\Instagram\jared.turck_20190901\stories\201907
21855310,D:/OneDrive/Pictures\HDD pictures\Instagram\jared.turck_20190901\stories\201908
0,D:/OneDrive/Pictures\HDD pictures\Instagram\jared.turck_20190901\videos
377851,D:/OneDrive/Pictures\HDD pictures\Instagram\jared.turck_20190901\videos\201807
3813377,D:/OneDrive/Pictures\HDD pictures\Instagram\jared.turck_20190901\videos\201809
5335093,D:/OneDrive/Pictures\HDD pictures\Instagram\jared.turck_20190901\videos\201902
900727,D:/OneDrive/Pictures\HDD pictures\Instagram\jared.turck_20190901\videos\201904
1969011,D:/OneDrive/Pictures\HDD pictures\Instagram\jared.turck_20190901\videos\201906
35270840,D:/OneDrive/Pictures\HDD pictures\Instagram\jared.turck_20190901\videos\201907
40159136,D:/OneDrive/Pictures\HDD pictures\Instagram\jared.turck_20190901\videos\201908
6638695,D:/OneDrive/Pictures\HDD pictures\Instagram\Screenshots
1667072,D:/OneDrive/Pictures\HDD pictures\Lightroom
151552,D:/OneDrive/Pictures\HDD pictures\Lightroom\Lightroom Catalog Previews.lrdata
0,D:/OneDrive/Pictures\HDD pictures\Lightroom\Lightroom Catalog Previews.lrdata\A
2185056,D:/OneDrive/Pictures\HDD pictures\Lightroom\Lightroom Catalog Previews.lrdata\A\A606
2480824,D:/OneDrive/Pictures\HDD pictures\minecraft
75040919,D:/OneDrive/Pictures\HDD pictures\Photos
317819,D:/OneDrive/Pictures\HDD pictures\Photos\amd benchmarks
266948,D:/OneDrive/Pictures\HDD pictures\Photos\cat
10748442,D:/OneDrive/Pictures\HDD pictures\Photos\computer
54372,D:/OneDrive/Pictures\HDD pictures\Photos\csgo
118188799,D:/OneDrive/Pictures\HDD pictures\Photos\ellen
85637,D:/OneDrive/Pictures\HDD pictures\Photos\hackers L4D2
0,D:/OneDrive/Pictures\HDD pictures\Photos\l4d2
8759560,D:/OneDrive/Pictures\HDD pictures\Photos\l4d2\Zoey
389754,D:/OneDrive/Pictures\HDD pictures\Photos\logos
15788,D:/OneDrive/Pictures\HDD pictures\Photos\shelby
14095,D:/OneDrive/Pictures\HDD pictures\Photos\shelby\travel
14069,D:/OneDrive/Pictures\HDD pictures\Photos\spray
28838118,D:/OneDrive/Pictures\HDD pictures\photoshop
8846227,D:/OneDrive/Pictures\HDD pictures\photoshop\dad
19182473,D:/OneDrive/Pictures\HDD pictures\photoshop\mom
1494606,D:/OneDrive/Pictures\HDD pictures\photoshop\Photoshop projects
16102,D:/OneDrive/Pictures\HDD pictures\Saved Pictures
1684871,D:/OneDrive/Pictures\HDD pictures\screenshots
65373,D:/OneDrive/Pictures\HDD pictures\screenshots\Youtube
18891086,D:/OneDrive/Pictures\HDD pictures\shared media
0,D:/OneDrive/Pictures\HDD pictures\Uplay
6002523,D:/OneDrive/Pictures\HDD pictures\Uplay\Assassin's Creed Odyssey
1768812301,D:/OneDrive/Pictures\HDD pictures\Uplay\Assassin's Creed Origins
1095989,D:/OneDrive/Pictures\HDD pictures\Uplay\Assassin's Creed Revelations
9733225,D:/OneDrive/Pictures\HDD pictures\Uplay\Assassin's Creed Syndicate
0,D:/OneDrive/Pictures\HDD pictures\Uplay\Fan_Kit
0,D:/OneDrive/Pictures\HDD pictures\Uplay\Fan_Kit\Characters
96682836,D:/OneDrive/Pictures\HDD pictures\Uplay\Fan_Kit\Characters\Alexios
49006625,D:/OneDrive/Pictures\HDD pictures\Uplay\Fan_Kit\Characters\Barnabas
43449257,D:/OneDrive/Pictures\HDD pictures\Uplay\Fan_Kit\Characters\Cultist
94405340,D:/OneDrive/Pictures\HDD pictures\Uplay\Fan_Kit\Characters\Kassandra
41809932,D:/OneDrive/Pictures\HDD pictures\Uplay\Fan_Kit\Characters\Sokrates
130503673,D:/OneDrive/Pictures\HDD pictures\Uplay\Fan_Kit\GIFs
0,D:/OneDrive/Pictures\HDD pictures\Uplay\Fan_Kit\Headers
20966534,D:/OneDrive/Pictures\HDD pictures\Uplay\Fan_Kit\Headers\Facebook
13160368,D:/OneDrive/Pictures\HDD pictures\Uplay\Fan_Kit\Headers\Twitter
32445818,D:/OneDrive/Pictures\HDD pictures\Uplay\Fan_Kit\Logo
15246054,D:/OneDrive/Pictures\HDD pictures\Uplay\Fan_Kit\Profile Pictures
89649074,D:/OneDrive/Pictures\HDD pictures\Uplay\Fan_Kit\Screenshots
31885631,D:/OneDrive/Pictures\HDD pictures\Uplay\Fan_Kit\Wallpapers
149497782,D:/OneDrive/Pictures\HDD pictures\Uplay\Far Cry 4
542908,D:/OneDrive/Pictures\HDD pictures\Uplay\For Honor
9585787,D:/OneDrive/Pictures\HDD pictures\Uplay\STEEP Steam
5999914,D:/OneDrive/Pictures\HDD pictures\Uplay\Tom Clancy's Rainbow Six Siege
4344680,D:/OneDrive/Pictures\HDD pictures\Uplay\Tom Clancy's The Division
165853792,D:/OneDrive/Pictures\HDD pictures\Uplay\WATCH_DOGS 2
1317638,D:/OneDrive/Pictures\HDD pictures\VRChat
306385572,D:/OneDrive/Pictures\Instagram
4563500,D:/OneDrive/Pictures\Instagram\jared.turck_20190901
0,D:/OneDrive/Pictures\Instagram\jared.turck_20190901\direct
210681,D:/OneDrive/Pictures\Instagram\jared.turck_20190901\direct\201901
3130122,D:/OneDrive/Pictures\Instagram\jared.turck_20190901\direct\201902
6813158,D:/OneDrive/Pictures\Instagram\jared.turck_20190901\direct\201903
13853683,D:/OneDrive/Pictures\Instagram\jared.turck_20190901\direct\201904
206050,D:/OneDrive/Pictures\Instagram\jared.turck_20190901\direct\201905
1428351,D:/OneDrive/Pictures\Instagram\jared.turck_20190901\direct\201906
42528556,D:/OneDrive/Pictures\Instagram\jared.turck_20190901\direct\201907
81566947,D:/OneDrive/Pictures\Instagram\jared.turck_20190901\direct\201908
32362,D:/OneDrive/Pictures\Instagram\jared.turck_20190901\direct\201909
0,D:/OneDrive/Pictures\Instagram\jared.turck_20190901\photos
3029950,D:/OneDrive/Pictures\Instagram\jared.turck_20190901\photos\201803
366008,D:/OneDrive/Pictures\Instagram\jared.turck_20190901\photos\201804
347234,D:/OneDrive/Pictures\Instagram\jared.turck_20190901\photos\201807
235953,D:/OneDrive/Pictures\Instagram\jared.turck_20190901\photos\201808
46866,D:/OneDrive/Pictures\Instagram\jared.turck_20190901\photos\201810
287286,D:/OneDrive/Pictures\Instagram\jared.turck_20190901\photos\201901
1263959,D:/OneDrive/Pictures\Instagram\jared.turck_20190901\photos\201902
5641933,D:/OneDrive/Pictures\Instagram\jared.turck_20190901\photos\201903
9984087,D:/OneDrive/Pictures\Instagram\jared.turck_20190901\photos\201904
3407098,D:/OneDrive/Pictures\Instagram\jared.turck_20190901\photos\201905
10901834,D:/OneDrive/Pictures\Instagram\jared.turck_20190901\photos\201906
22592604,D:/OneDrive/Pictures\Instagram\jared.turck_20190901\photos\201907
13026907,D:/OneDrive/Pictures\Instagram\jared.turck_20190901\photos\201908
0,D:/OneDrive/Pictures\Instagram\jared.turck_20190901\profile
98438,D:/OneDrive/Pictures\Instagram\jared.turck_20190901\profile\201803
0,D:/OneDrive/Pictures\Instagram\jared.turck_20190901\stories
19731129,D:/OneDrive/Pictures\Instagram\jared.turck_20190901\stories\201902
20232048,D:/OneDrive/Pictures\Instagram\jared.turck_20190901\stories\201903
2615184,D:/OneDrive/Pictures\Instagram\jared.turck_20190901\stories\201904
10485928,D:/OneDrive/Pictures\Instagram\jared.turck_20190901\stories\201905
3353858,D:/OneDrive/Pictures\Instagram\jared.turck_20190901\stories\201906
6560536,D:/OneDrive/Pictures\Instagram\jared.turck_20190901\stories\201907
21855310,D:/OneDrive/Pictures\Instagram\jared.turck_20190901\stories\201908
0,D:/OneDrive/Pictures\Instagram\jared.turck_20190901\videos
377851,D:/OneDrive/Pictures\Instagram\jared.turck_20190901\videos\201807
3813377,D:/OneDrive/Pictures\Instagram\jared.turck_20190901\videos\201809
5335093,D:/OneDrive/Pictures\Instagram\jared.turck_20190901\videos\201902
900727,D:/OneDrive/Pictures\Instagram\jared.turck_20190901\videos\201904
1969011,D:/OneDrive/Pictures\Instagram\jared.turck_20190901\videos\201906
35270840,D:/OneDrive/Pictures\Instagram\jared.turck_20190901\videos\201907
40159136,D:/OneDrive/Pictures\Instagram\jared.turck_20190901\videos\201908
6638695,D:/OneDrive/Pictures\Instagram\Screenshots
118,D:/OneDrive/Pictures\Microsoft.ScreenSketch_8wekyb3d8bbwe!App
559248,D:/OneDrive/Pictures\Saved Pictures
190,D:/OneDrive/Pictures\Screenshots
0,D:/OneDrive/Pictures\Screenshots\1056960
261548,D:/OneDrive/Pictures\Screenshots\1056960\screenshots
10294,D:/OneDrive/Pictures\Screenshots\1056960\screenshots\thumbnails
0,D:/OneDrive/Pictures\Screenshots\1091500
5016439,D:/OneDrive/Pictures\Screenshots\1091500\screenshots
210438,D:/OneDrive/Pictures\Screenshots\1091500\screenshots\thumbnails
0,D:/OneDrive/Pictures\Screenshots\1096910
1784274,D:/OneDrive/Pictures\Screenshots\1096910\screenshots
60922,D:/OneDrive/Pictures\Screenshots\1096910\screenshots\thumbnails
0,D:/OneDrive/Pictures\Screenshots\1097840
363786,D:/OneDrive/Pictures\Screenshots\1097840\screenshots
16315,D:/OneDrive/Pictures\Screenshots\1097840\screenshots\thumbnails
0,D:/OneDrive/Pictures\Screenshots\11230214167577231360
10312135,D:/OneDrive/Pictures\Screenshots\11230214167577231360\screenshots
398182,D:/OneDrive/Pictures\Screenshots\11230214167577231360\screenshots\thumbnails
0,D:/OneDrive/Pictures\Screenshots\1174180
786355,D:/OneDrive/Pictures\Screenshots\1174180\screenshots
33839,D:/OneDrive/Pictures\Screenshots\1174180\screenshots\thumbnails
0,D:/OneDrive/Pictures\Screenshots\1222700
1641504,D:/OneDrive/Pictures\Screenshots\1222700\screenshots
67127,D:/OneDrive/Pictures\Screenshots\1222700\screenshots\thumbnails
0,D:/OneDrive/Pictures\Screenshots\12429510396879044608
32664442,D:/OneDrive/Pictures\Screenshots\12429510396879044608\screenshots
1242528,D:/OneDrive/Pictures\Screenshots\12429510396879044608\screenshots\thumbnails
0,D:/OneDrive/Pictures\Screenshots\1463120
6545159,D:/OneDrive/Pictures\Screenshots\1463120\screenshots
577370,D:/OneDrive/Pictures\Screenshots\1463120\screenshots\thumbnails
0,D:/OneDrive/Pictures\Screenshots\18408063881743171584
33019940,D:/OneDrive/Pictures\Screenshots\18408063881743171584\screenshots
1626642,D:/OneDrive/Pictures\Screenshots\18408063881743171584\screenshots\thumbnails
0,D:/OneDrive/Pictures\Screenshots\222880
957908,D:/OneDrive/Pictures\Screenshots\222880\screenshots
32940,D:/OneDrive/Pictures\Screenshots\222880\screenshots\thumbnails
0,D:/OneDrive/Pictures\Screenshots\225540
347626,D:/OneDrive/Pictures\Screenshots\225540\screenshots
13132,D:/OneDrive/Pictures\Screenshots\225540\screenshots\thumbnails
0,D:/OneDrive/Pictures\Screenshots\240
1019253,D:/OneDrive/Pictures\Screenshots\240\screenshots
45263,D:/OneDrive/Pictures\Screenshots\240\screenshots\thumbnails
0,D:/OneDrive/Pictures\Screenshots\311210
448084,D:/OneDrive/Pictures\Screenshots\311210\screenshots
18749,D:/OneDrive/Pictures\Screenshots\311210\screenshots\thumbnails
0,D:/OneDrive/Pictures\Screenshots\312660
19197127,D:/OneDrive/Pictures\Screenshots\312660\screenshots
722515,D:/OneDrive/Pictures\Screenshots\312660\screenshots\thumbnails
0,D:/OneDrive/Pictures\Screenshots\340
65006,D:/OneDrive/Pictures\Screenshots\340\screenshots
6950,D:/OneDrive/Pictures\Screenshots\340\screenshots\thumbnails
0,D:/OneDrive/Pictures\Screenshots\440
4429621,D:/OneDrive/Pictures\Screenshots\440\screenshots
342293,D:/OneDrive/Pictures\Screenshots\440\screenshots\thumbnails
0,D:/OneDrive/Pictures\Screenshots\447040
190610622,D:/OneDrive/Pictures\Screenshots\447040\screenshots
6558161,D:/OneDrive/Pictures\Screenshots\447040\screenshots\thumbnails
0,D:/OneDrive/Pictures\Screenshots\460930
250474,D:/OneDrive/Pictures\Screenshots\460930\screenshots
8138,D:/OneDrive/Pictures\Screenshots\460930\screenshots\thumbnails
0,D:/OneDrive/Pictures\Screenshots\532210
10020381,D:/OneDrive/Pictures\Screenshots\532210\screenshots
534071,D:/OneDrive/Pictures\Screenshots\532210\screenshots\thumbnails
0,D:/OneDrive/Pictures\Screenshots\550
5995995,D:/OneDrive/Pictures\Screenshots\550\screenshots
426405,D:/OneDrive/Pictures\Screenshots\550\screenshots\thumbnails
0,D:/OneDrive/Pictures\Screenshots\552520
104600752,D:/OneDrive/Pictures\Screenshots\552520\screenshots
3755836,D:/OneDrive/Pictures\Screenshots\552520\screenshots\thumbnails
0,D:/OneDrive/Pictures\Screenshots\570
816101,D:/OneDrive/Pictures\Screenshots\570\screenshots
36398,D:/OneDrive/Pictures\Screenshots\570\screenshots\thumbnails
0,D:/OneDrive/Pictures\Screenshots\582160
577182,D:/OneDrive/Pictures\Screenshots\582160\screenshots
23768,D:/OneDrive/Pictures\Screenshots\582160\screenshots\thumbnails
0,D:/OneDrive/Pictures\Screenshots\616560
671576,D:/OneDrive/Pictures\Screenshots\616560\screenshots
21321,D:/OneDrive/Pictures\Screenshots\616560\screenshots\thumbnails
0,D:/OneDrive/Pictures\Screenshots\730
123556037,D:/OneDrive/Pictures\Screenshots\730\screenshots
7981157,D:/OneDrive/Pictures\Screenshots\730\screenshots\thumbnails
0,D:/OneDrive/Pictures\Screenshots\745
248224,D:/OneDrive/Pictures\Screenshots\745\screenshots
19804,D:/OneDrive/Pictures\Screenshots\745\screenshots\thumbnails
598850,D:/OneDrive/Pictures\Screenshots\760
0,D:/OneDrive/Pictures\Screenshots\760\remote
0,D:/OneDrive/Pictures\Screenshots\760\remote\1222700
52996151,D:/OneDrive/Pictures\Screenshots\760\remote\1222700\screenshots
2193808,D:/OneDrive/Pictures\Screenshots\760\remote\1222700\screenshots\thumbnails
0,D:/OneDrive/Pictures\Screenshots\760\remote\12419681329862410240
2249073,D:/OneDrive/Pictures\Screenshots\760\remote\12419681329862410240\screenshots
79187,D:/OneDrive/Pictures\Screenshots\760\remote\12419681329862410240\screenshots\thumbnails
0,D:/OneDrive/Pictures\Screenshots\760\remote\240
1143503,D:/OneDrive/Pictures\Screenshots\760\remote\240\screenshots
42697,D:/OneDrive/Pictures\Screenshots\760\remote\240\screenshots\thumbnails
0,D:/OneDrive/Pictures\Screenshots\760\remote\271590
1045950,D:/OneDrive/Pictures\Screenshots\760\remote\271590\screenshots
40578,D:/OneDrive/Pictures\Screenshots\760\remote\271590\screenshots\thumbnails
0,D:/OneDrive/Pictures\Screenshots\760\remote\289650
1328199,D:/OneDrive/Pictures\Screenshots\760\remote\289650\screenshots
50109,D:/OneDrive/Pictures\Screenshots\760\remote\289650\screenshots\thumbnails
0,D:/OneDrive/Pictures\Screenshots\760\remote\340
610662,D:/OneDrive/Pictures\Screenshots\760\remote\340\screenshots
31824,D:/OneDrive/Pictures\Screenshots\760\remote\340\screenshots\thumbnails
0,D:/OneDrive/Pictures\Screenshots\760\remote\371660
9852346,D:/OneDrive/Pictures\Screenshots\760\remote\371660\screenshots
299899,D:/OneDrive/Pictures\Screenshots\760\remote\371660\screenshots\thumbnails
0,D:/OneDrive/Pictures\Screenshots\760\remote\391220
464587,D:/OneDrive/Pictures\Screenshots\760\remote\391220\screenshots
17063,D:/OneDrive/Pictures\Screenshots\760\remote\391220\screenshots\thumbnails
0,D:/OneDrive/Pictures\Screenshots\760\remote\403640
294043,D:/OneDrive/Pictures\Screenshots\760\remote\403640\screenshots
11625,D:/OneDrive/Pictures\Screenshots\760\remote\403640\screenshots\thumbnails
0,D:/OneDrive/Pictures\Screenshots\760\remote\412020
883277,D:/OneDrive/Pictures\Screenshots\760\remote\412020\screenshots
31054,D:/OneDrive/Pictures\Screenshots\760\remote\412020\screenshots\thumbnails
0,D:/OneDrive/Pictures\Screenshots\760\remote\440
1740224,D:/OneDrive/Pictures\Screenshots\760\remote\440\screenshots
123795,D:/OneDrive/Pictures\Screenshots\760\remote\440\screenshots\thumbnails
0,D:/OneDrive/Pictures\Screenshots\760\remote\548570
1294112,D:/OneDrive/Pictures\Screenshots\760\remote\548570\screenshots
54272,D:/OneDrive/Pictures\Screenshots\760\remote\548570\screenshots\thumbnails
0,D:/OneDrive/Pictures\Screenshots\760\remote\550
5551856,D:/OneDrive/Pictures\Screenshots\760\remote\550\screenshots
588589,D:/OneDrive/Pictures\Screenshots\760\remote\550\screenshots\thumbnails
0,D:/OneDrive/Pictures\Screenshots\760\remote\582160
101253988,D:/OneDrive/Pictures\Screenshots\760\remote\582160\screenshots
3927091,D:/OneDrive/Pictures\Screenshots\760\remote\582160\screenshots\thumbnails
0,D:/OneDrive/Pictures\Screenshots\760\remote\730
150070114,D:/OneDrive/Pictures\Screenshots\760\remote\730\screenshots
9456463,D:/OneDrive/Pictures\Screenshots\760\remote\730\screenshots\thumbnails
0,D:/OneDrive/Pictures\Screenshots\760\remote\745
171752,D:/OneDrive/Pictures\Screenshots\760\remote\745\screenshots
7534,D:/OneDrive/Pictures\Screenshots\760\remote\745\screenshots\thumbnails
0,D:/OneDrive/Pictures\Screenshots\760\remote\750920
3817646,D:/OneDrive/Pictures\Screenshots\760\remote\750920\screenshots
163992,D:/OneDrive/Pictures\Screenshots\760\remote\750920\screenshots\thumbnails
0,D:/OneDrive/Pictures\Screenshots\760\remote\812140
134949250,D:/OneDrive/Pictures\Screenshots\760\remote\812140\screenshots
5096819,D:/OneDrive/Pictures\Screenshots\760\remote\812140\screenshots\thumbnails
0,D:/OneDrive/Pictures\Screenshots\760\remote\939960
297153,D:/OneDrive/Pictures\Screenshots\760\remote\939960\screenshots
13484,D:/OneDrive/Pictures\Screenshots\760\remote\939960\screenshots\thumbnails
0,D:/OneDrive/Pictures\Screenshots\863550
973612,D:/OneDrive/Pictures\Screenshots\863550\screenshots
35554,D:/OneDrive/Pictures\Screenshots\863550\screenshots\thumbnails
0,D:/OneDrive/Pictures\Screenshots\870780
6056889,D:/OneDrive/Pictures\Screenshots\870780\screenshots
220011,D:/OneDrive/Pictures\Screenshots\870780\screenshots\thumbnails
0,D:/OneDrive/Pictures\Screenshots\939960
2047774,D:/OneDrive/Pictures\Screenshots\939960\screenshots
66831,D:/OneDrive/Pictures\Screenshots\939960\screenshots\thumbnails
0,D:/OneDrive/Pictures\Uplay
135267739,D:/OneDrive/Pictures\Uplay\Assassin's Creed Odyssey
174028607,D:/OneDrive/Pictures\Uplay\Assassin's Creed Origins
1328438,D:/OneDrive/Pictures\Uplay\Assassin's Creed Unity
302563991,D:/OneDrive/Pictures\Uplay\Assassin's Creed Valhalla
2241525,D:/OneDrive/Pictures\Uplay\Discovery Tour  Ancient Greece by Ubisoft
102252574,D:/OneDrive/Pictures\Uplay\Far Cry 5
2333401,D:/OneDrive/Pictures\Uplay\Far Cry New Dawn
9877102,D:/OneDrive/Pictures\Uplay\Far Cry Primal
249379,D:/OneDrive/Pictures\Uplay\Tom Clancy's Ghost Recon Wildlands
10270005,D:/OneDrive/Pictures\Uplay\Watch Dogs  Legion
187924565,D:/OneDrive/Pictures\Uplay\WATCH_DOGS 2
365360603,D:/OneDrive/Pictures\Video Projects
